name,type,acc_mean,acc_std,kappa_mean,kappa_std,acc_best,kappa_best,fold_accs,fold_kappas,path,test_acc,test_kappa,roc_fpr,roc_tpr,roc_auc
LGBM,Tree-Based,0.7711133368502882,0.0110580194555158,0.6887532741419498,0.0158807801427913,0.7857774249995491,0.7113193695711882,"[0.7822102234378885, 0.7665833392014647, 0.7568015984871461, 0.7641940981253924, 0.7857774249995491]","[0.7028607198228597, 0.6815896297628314, 0.6682532235219686, 0.6797434280309006, 0.7113193695711882]",models/best_LGBM_calibrated.pkl,0.7811297330850403,0.694964806891643,"{0: array([0.        , 0.        , 0.        , ..., 0.93922693, 0.93922693,
       1.        ], shape=(4002,)), 1: array([0.       , 0.       , 0.       , ..., 0.9861237, 0.9861237,
       1.       ], shape=(7438,)), 2: array([0.        , 0.        , 0.        , ..., 0.95147339, 0.95147339,
       1.        ], shape=(9818,)), 3: array([0.      , 0.      , 0.      , ..., 0.892343, 0.892343, 1.      ],
      shape=(4110,)), 4: array([0.        , 0.        , 0.        , ..., 0.92062981, 0.92062981,
       1.        ], shape=(4860,))}","{0: array([0.00000000e+00, 1.30089762e-04, 5.52881488e-02, ...,
       9.99869910e-01, 1.00000000e+00, 1.00000000e+00], shape=(4002,)), 1: array([0.00000000e+00, 1.88430375e-04, 1.88430375e-03, ...,
       9.99811570e-01, 1.00000000e+00, 1.00000000e+00], shape=(7438,)), 2: array([0.00000000e+00, 4.88543651e-05, 2.84820949e-02, ...,
       9.99951146e-01, 1.00000000e+00, 1.00000000e+00], shape=(9818,)), 3: array([0.00000000e+00, 1.44300144e-04, 7.44588745e-02, ...,
       9.99855700e-01, 1.00000000e+00, 1.00000000e+00], shape=(4110,)), 4: array([0.00000000e+00, 1.25992188e-04, 1.18432657e-02, ...,
       9.99874008e-01, 1.00000000e+00, 1.00000000e+00], shape=(4860,))}","{0: 0.9755349659389868, 1: 0.827816012855574, 2: 0.932270041336341, 3: 0.9493317822810577, 4: 0.9621284474594249}"
XGB,Tree-Based,0.7703710650672354,0.0101548626181356,0.6880160014673745,0.0145842825377492,0.7836126495048076,0.7085995091740788,"[0.7801854285815779, 0.7679388775438349, 0.7564983140955881, 0.7636200556103686, 0.7836126495048076]","[0.7002627188458095, 0.6838012033399608, 0.6681110674102262, 0.6793055085667973, 0.7085995091740788]",./models/best_XGB_calibrated.pkl,0.7804055452100145,0.6943225033954341,"{0: array([0.        , 0.        , 0.        , ..., 0.85616219, 0.85616219,
       1.        ], shape=(3988,)), 1: array([0.        , 0.        , 0.        , ..., 0.98642587, 0.98642587,
       1.        ], shape=(7492,)), 2: array([0.        , 0.        , 0.        , ..., 0.96941962, 0.96941962,
       1.        ], shape=(9730,)), 3: array([0.        , 0.        , 0.        , ..., 0.91884058, 0.91884058,
       1.        ], shape=(4196,)), 4: array([0.        , 0.        , 0.        , ..., 0.92568019, 0.92568019,
       1.        ], shape=(4910,))}","{0: array([0.00000000e+00, 1.30089762e-04, 5.55483283e-02, ...,
       9.99869910e-01, 1.00000000e+00, 1.00000000e+00], shape=(3988,)), 1: array([0.00000000e+00, 1.88430375e-04, 1.13058225e-03, ...,
       9.99811570e-01, 1.00000000e+00, 1.00000000e+00], shape=(7492,)), 2: array([0.00000000e+00, 4.88543651e-05, 4.36758024e-02, ...,
       9.99951146e-01, 1.00000000e+00, 1.00000000e+00], shape=(9730,)), 3: array([0.00000000e+00, 1.44300144e-04, 7.11399711e-02, ...,
       9.99855700e-01, 1.00000000e+00, 1.00000000e+00], shape=(4196,)), 4: array([0.00000000e+00, 1.25992188e-04, 1.09613204e-02, ...,
       9.99874008e-01, 1.00000000e+00, 1.00000000e+00], shape=(4910,))}","{0: 0.9760877297981325, 1: 0.8367646709151294, 2: 0.9324578748936134, 3: 0.9524527051048789, 4: 0.963679012577575}"
RF,Tree-Based,0.7432683769828522,0.0111999312178286,0.6507489248998374,0.0161840081743676,0.7601789547742319,0.6763383988675522,"[0.7523533799865013, 0.7389444405323569, 0.7308261823631206, 0.7340389272580501, 0.7601789547742319]","[0.6624766935630217, 0.6433002138925756, 0.6330127864256154, 0.6386165317504218, 0.6763383988675522]",./models/best_RF_calibrated.pkl,0.752307055659011,0.6557300761808108,"{0: array([0.        , 0.        , 0.        , ..., 0.75818714, 0.75818714,
       1.        ], shape=(5202,)), 1: array([0.        , 0.        , 0.        , ..., 0.96571601, 0.96583223,
       1.        ], shape=(7710,)), 2: array([0.        , 0.        , 0.        , ..., 0.9947597 , 0.99486738,
       1.        ], shape=(10782,)), 3: array([0.       , 0.       , 0.       , ..., 0.9544686, 0.9544686,
       1.       ], shape=(4444,)), 4: array([0.        , 0.        , 0.        , ..., 0.95491793, 0.9549922 ,
       1.        ], shape=(5510,))}","{0: array([0.00000000e+00, 6.50448810e-04, 1.95134643e-03, ...,
       9.99869910e-01, 1.00000000e+00, 1.00000000e+00], shape=(5202,)), 1: array([0.00000000e+00, 1.88430375e-04, 3.39174675e-03, ...,
       1.00000000e+00, 1.00000000e+00, 1.00000000e+00], shape=(7710,)), 2: array([0.00000000e+00, 4.88543651e-05, 7.18159168e-03, ...,
       1.00000000e+00, 1.00000000e+00, 1.00000000e+00], shape=(10782,)), 3: array([0.00000000e+00, 1.44300144e-04, 1.44300144e-02, ...,
       9.99855700e-01, 1.00000000e+00, 1.00000000e+00], shape=(4444,)), 4: array([0.00000000e+00, 1.25992188e-04, 5.03968754e-04, ...,
       1.00000000e+00, 1.00000000e+00, 1.00000000e+00], shape=(5510,))}","{0: 0.965282392807635, 1: 0.8329937290040098, 2: 0.9194627522938199, 3: 0.957135554997874, 4: 0.9576470862574499}"
LDA,Probabilistic,0.7251449734792191,0.0114994112293765,0.6275775013076966,0.0160481935880853,0.7391034066285389,0.6467204207612629,"[0.7391034066285389, 0.7233997605802408, 0.7122009526697947, 0.7133554578885999, 0.7376652896289214]","[0.6458964764441146, 0.6238893225227901, 0.609754756243589, 0.6116265305667266, 0.6467204207612629]",./models/best_LDA-Baseline.pkl,0.7352162218084006,0.633819693313449,"{0: array([0.        , 0.        , 0.        , ..., 0.96710381, 0.96710381,
       1.        ], shape=(5722,)), 1: array([0.00000000e+00, 2.32433814e-05, 9.29735258e-05, ...,
       9.99302699e-01, 9.99302699e-01, 1.00000000e+00], shape=(8073,)), 2: array([0.        , 0.        , 0.        , ..., 0.99949751, 0.99949751,
       1.        ], shape=(11546,)), 3: array([0.00000000e+00, 2.41545894e-05, 1.93236715e-04, ...,
       9.15917874e-01, 9.15917874e-01, 1.00000000e+00], shape=(4999,)), 4: array([0.        , 0.        , 0.        , ..., 0.95828485, 0.95828485,
       1.        ], shape=(5644,))}","{0: array([0.00000000e+00, 1.30089762e-04, 6.11421881e-03, ...,
       9.99869910e-01, 1.00000000e+00, 1.00000000e+00], shape=(5722,)), 1: array([0.        , 0.        , 0.        , ..., 0.99981157, 1.        ,
       1.        ], shape=(8073,)), 2: array([0.00000000e+00, 4.88543651e-05, 1.10899409e-02, ...,
       9.99951146e-01, 1.00000000e+00, 1.00000000e+00], shape=(11546,)), 3: array([0.       , 0.       , 0.       , ..., 0.9998557, 1.       ,
       1.       ], shape=(4999,)), 4: array([0.00000000e+00, 1.25992188e-04, 1.12133048e-02, ...,
       9.99874008e-01, 1.00000000e+00, 1.00000000e+00], shape=(5644,))}","{0: 0.9512742799987149, 1: 0.8086850149578189, 2: 0.9074656433093125, 3: 0.9501797652159971, 4: 0.9543048887005945}"
LR,Probabilistic,0.7121109874086573,0.0128291996446337,0.6258207953233995,0.0165434759576224,0.7299385456999752,0.6477296725964201,"[0.7299385456999752, 0.7032955425674249, 0.6938790073680267, 0.7115974526863396, 0.7218443887215197]","[0.6477296725964201, 0.6136944797942916, 0.6030927868298771, 0.6238961415400885, 0.64069089585632]",./models/best_LogisticR-Baseline.pkl,0.7213325056900476,0.6319456980956805,"{0: array([0.        , 0.        , 0.        , ..., 0.99714588, 0.99714588,
       1.        ], shape=(5546,)), 1: array([0.00000000e+00, 2.32433814e-05, 1.16216907e-04, ...,
       9.90098320e-01, 9.90098320e-01, 1.00000000e+00], shape=(7891,)), 2: array([0.00000000e+00, 3.58924662e-05, 3.58924662e-05, ...,
       9.72972973e-01, 9.72972973e-01, 1.00000000e+00], shape=(10554,)), 3: array([0.        , 0.        , 0.        , ..., 0.77408213, 0.77408213,
       1.        ], shape=(4566,)), 4: array([0.       , 0.       , 0.       , ..., 0.8664125, 0.8664125,
       1.       ], shape=(5628,))}","{0: array([0.00000000e+00, 1.30089762e-04, 7.54520619e-03, ...,
       9.99869910e-01, 1.00000000e+00, 1.00000000e+00], shape=(5546,)), 1: array([0.        , 0.        , 0.        , ..., 0.99981157, 1.        ,
       1.        ], shape=(7891,)), 2: array([0.00000000e+00, 0.00000000e+00, 1.46563095e-04, ...,
       9.99951146e-01, 1.00000000e+00, 1.00000000e+00], shape=(10554,)), 3: array([0.00000000e+00, 1.44300144e-04, 3.63636364e-02, ...,
       9.99855700e-01, 1.00000000e+00, 1.00000000e+00], shape=(4566,)), 4: array([0.00000000e+00, 1.25992188e-04, 1.38591407e-03, ...,
       9.99874008e-01, 1.00000000e+00, 1.00000000e+00], shape=(5628,))}","{0: 0.9488830776246214, 1: 0.8164423347495329, 2: 0.9211016083663265, 3: 0.9574152742051293, 4: 0.9535615276144713}"
MLP,ANN,0.7764210679835772,0.0101101361758506,0.6989615524074918,0.0137796695254437,0.7918027167932459,0.7205482467389134,"[0.7843415864445312, 0.7682733610309134, 0.764936756284231, 0.7727509193649654, 0.7918027167932459]","[0.7088583254536138, 0.687191663477243, 0.6839753334280958, 0.6942341929395928, 0.7205482467389134]",./models/best_MLP.keras,0.784171322160149,0.7016423438953987,"{0: array([0.      , 0.      , 0.      , ..., 0.877076, 0.877076, 1.      ],
      shape=(4018,)), 1: array([0.        , 0.        , 0.        , ..., 0.94414615, 0.94414615,
       1.        ], shape=(7298,)), 2: array([0.        , 0.        , 0.        , ..., 0.96823517, 0.96823517,
       1.        ], shape=(9903,)), 3: array([0.        , 0.        , 0.        , ..., 0.83821256, 0.83821256,
       1.        ], shape=(4196,)), 4: array([0.        , 0.        , 0.        , ..., 0.94533706, 0.94538658,
       1.        ], shape=(4750,))}","{0: array([0.00000000e+00, 2.60179524e-04, 1.56107714e-03, ...,
       9.99869910e-01, 1.00000000e+00, 1.00000000e+00], shape=(4018,)), 1: array([0.00000000e+00, 1.88430375e-04, 2.44959487e-03, ...,
       9.99811570e-01, 1.00000000e+00, 1.00000000e+00], shape=(7298,)), 2: array([0.00000000e+00, 4.88543651e-05, 1.41677659e-03, ...,
       9.99951146e-01, 1.00000000e+00, 1.00000000e+00], shape=(9903,)), 3: array([0.00000000e+00, 1.44300144e-04, 2.16450216e-02, ...,
       9.99855700e-01, 1.00000000e+00, 1.00000000e+00], shape=(4196,)), 4: array([0.00000000e+00, 1.25992188e-04, 2.14186720e-03, ...,
       1.00000000e+00, 1.00000000e+00, 1.00000000e+00], shape=(4750,))}","{0: 0.9775470745901945, 1: 0.8629347037354234, 2: 0.9340378597113931, 3: 0.9632526942997958, 4: 0.9684512306752466}"
LSTM,ANN,0.7731525341887235,0.0031413189645398,0.6930107792870585,0.004264316424011,0.777359184048516,0.6995759076673507,"[0.7695823050909423, 0.7764770440826779, 0.777359184048516, 0.7711802378774016, 0.7711638998440796]","[0.6885436327643714, 0.6964731742068209, 0.6995759076673507, 0.6897731028755585, 0.6906880789211911]",./models/best_lstm_se_focal.keras,0.788865096359743,0.7073192048372909,"{0: array([0.00000000e+00, 0.00000000e+00, 0.00000000e+00, 1.25865324e-04,
       1.25865324e-04, 2.51730648e-04, 2.51730648e-04, 3.77595972e-04,
       3.77595972e-04, 5.03461296e-04, 5.03461296e-04, 6.29326621e-04,
       6.29326621e-04, 7.55191945e-04, 7.55191945e-04, 8.81057269e-04,
       8.81057269e-04, 1.00692259e-03, 1.00692259e-03, 1.13278792e-03,
       1.13278792e-03, 1.25865324e-03, 1.25865324e-03, 1.38451857e-03,
       1.38451857e-03, 1.51038389e-03, 1.51038389e-03, 1.63624921e-03,
       1.63624921e-03, 1.76211454e-03, 1.76211454e-03, 1.88797986e-03,
       1.88797986e-03, 2.01384519e-03, 2.01384519e-03, 2.13971051e-03,
       2.13971051e-03, 2.26557583e-03, 2.26557583e-03, 2.39144116e-03,
       2.39144116e-03, 2.51730648e-03, 2.51730648e-03, 2.64317181e-03,
       2.64317181e-03, 2.76903713e-03, 2.76903713e-03, 2.89490245e-03,
       2.89490245e-03, 3.14663310e-03, 3.14663310e-03, 3.27249843e-03,
       3.27249843e-03, 3.39836375e-03, 3.39836375e-03, 3.65009440e-03,
       3.65009440e-03, 3.77595972e-03, 3.77595972e-03, 3.90182505e-03,
       3.90182505e-03, 4.15355570e-03, 4.15355570e-03, 4.27942102e-03,
       4.27942102e-03, 4.40528634e-03, 4.40528634e-03, 4.53115167e-03,
       4.53115167e-03, 4.65701699e-03, 4.65701699e-03, 4.78288232e-03,
       4.78288232e-03, 4.90874764e-03, 4.90874764e-03, 5.03461296e-03,
       5.03461296e-03, 5.16047829e-03, 5.16047829e-03, 5.28634361e-03,
       5.28634361e-03, 5.41220894e-03, 5.41220894e-03, 5.53807426e-03,
       5.53807426e-03, 5.66393958e-03, 5.66393958e-03, 5.78980491e-03,
       5.78980491e-03, 6.04153556e-03, 6.04153556e-03, 6.16740088e-03,
       6.16740088e-03, 6.29326621e-03, 6.29326621e-03, 6.54499685e-03,
       6.54499685e-03, 6.67086218e-03, 6.67086218e-03, 6.79672750e-03,
       6.79672750e-03, 6.92259283e-03, 6.92259283e-03, 7.04845815e-03,
       7.04845815e-03, 7.17432347e-03, 7.17432347e-03, 7.30018880e-03,
       7.30018880e-03, 7.55191945e-03, 7.55191945e-03, 7.67778477e-03,
       7.67778477e-03, 7.92951542e-03, 7.92951542e-03, 8.05538074e-03,
       8.05538074e-03, 8.18124607e-03, 8.18124607e-03, 8.43297671e-03,
       8.43297671e-03, 8.55884204e-03, 8.55884204e-03, 8.68470736e-03,
       8.68470736e-03, 8.81057269e-03, 8.81057269e-03, 9.18816866e-03,
       9.18816866e-03, 9.31403398e-03, 9.31403398e-03, 9.43989931e-03,
       9.43989931e-03, 9.56576463e-03, 9.56576463e-03, 9.69162996e-03,
       9.69162996e-03, 9.81749528e-03, 9.81749528e-03, 9.94336060e-03,
       9.94336060e-03, 1.00692259e-02, 1.00692259e-02, 1.01950913e-02,
       1.01950913e-02, 1.05726872e-02, 1.05726872e-02, 1.09502832e-02,
       1.09502832e-02, 1.10761485e-02, 1.10761485e-02, 1.13278792e-02,
       1.13278792e-02, 1.14537445e-02, 1.14537445e-02, 1.15796098e-02,
       1.15796098e-02, 1.17054751e-02, 1.17054751e-02, 1.18313405e-02,
       1.18313405e-02, 1.19572058e-02, 1.19572058e-02, 1.22089364e-02,
       1.22089364e-02, 1.25865324e-02, 1.25865324e-02, 1.27123977e-02,
       1.27123977e-02, 1.28382631e-02, 1.28382631e-02, 1.29641284e-02,
       1.29641284e-02, 1.32158590e-02, 1.32158590e-02, 1.34675897e-02,
       1.34675897e-02, 1.37193203e-02, 1.37193203e-02, 1.38451857e-02,
       1.38451857e-02, 1.40969163e-02, 1.40969163e-02, 1.42227816e-02,
       1.42227816e-02, 1.44745123e-02, 1.44745123e-02, 1.46003776e-02,
       1.46003776e-02, 1.47262429e-02, 1.47262429e-02, 1.48521082e-02,
       1.48521082e-02, 1.49779736e-02, 1.49779736e-02, 1.51038389e-02,
       1.51038389e-02, 1.52297042e-02, 1.52297042e-02, 1.53555695e-02,
       1.53555695e-02, 1.54814349e-02, 1.54814349e-02, 1.56073002e-02,
       1.56073002e-02, 1.58590308e-02, 1.58590308e-02, 1.61107615e-02,
       1.61107615e-02, 1.62366268e-02, 1.62366268e-02, 1.66142228e-02,
       1.66142228e-02, 1.67400881e-02, 1.67400881e-02, 1.68659534e-02,
       1.68659534e-02, 1.69918188e-02, 1.69918188e-02, 1.72435494e-02,
       1.72435494e-02, 1.73694147e-02, 1.73694147e-02, 1.76211454e-02,
       1.76211454e-02, 1.77470107e-02, 1.77470107e-02, 1.78728760e-02,
       1.78728760e-02, 1.79987413e-02, 1.79987413e-02, 1.81246067e-02,
       1.81246067e-02, 1.82504720e-02, 1.82504720e-02, 1.86280680e-02,
       1.86280680e-02, 1.87539333e-02, 1.87539333e-02, 1.88797986e-02,
       1.88797986e-02, 1.92573946e-02, 1.92573946e-02, 1.93832599e-02,
       1.93832599e-02, 1.95091252e-02, 1.95091252e-02, 1.97608559e-02,
       1.97608559e-02, 2.00125865e-02, 2.00125865e-02, 2.05160478e-02,
       2.05160478e-02, 2.06419132e-02, 2.06419132e-02, 2.07677785e-02,
       2.07677785e-02, 2.08936438e-02, 2.08936438e-02, 2.11453744e-02,
       2.11453744e-02, 2.12712398e-02, 2.12712398e-02, 2.13971051e-02,
       2.13971051e-02, 2.15229704e-02, 2.15229704e-02, 2.16488357e-02,
       2.16488357e-02, 2.17747011e-02, 2.17747011e-02, 2.19005664e-02,
       2.19005664e-02, 2.20264317e-02, 2.20264317e-02, 2.22781624e-02,
       2.22781624e-02, 2.26557583e-02, 2.26557583e-02, 2.27816237e-02,
       2.27816237e-02, 2.30333543e-02, 2.30333543e-02, 2.31592196e-02,
       2.31592196e-02, 2.32850850e-02, 2.32850850e-02, 2.34109503e-02,
       2.34109503e-02, 2.35368156e-02, 2.35368156e-02, 2.40402769e-02,
       2.40402769e-02, 2.44178729e-02, 2.44178729e-02, 2.45437382e-02,
       2.45437382e-02, 2.46696035e-02, 2.46696035e-02, 2.52989301e-02,
       2.52989301e-02, 2.56765261e-02, 2.56765261e-02, 2.58023914e-02,
       2.58023914e-02, 2.59282568e-02, 2.59282568e-02, 2.60541221e-02,
       2.60541221e-02, 2.61799874e-02, 2.61799874e-02, 2.63058527e-02,
       2.63058527e-02, 2.64317181e-02, 2.64317181e-02, 2.65575834e-02,
       2.65575834e-02, 2.66834487e-02, 2.66834487e-02, 2.68093140e-02,
       2.68093140e-02, 2.70610447e-02, 2.70610447e-02, 2.73127753e-02,
       2.73127753e-02, 2.74386407e-02, 2.74386407e-02, 2.75645060e-02,
       2.75645060e-02, 2.76903713e-02, 2.76903713e-02, 2.80679673e-02,
       2.80679673e-02, 2.81938326e-02, 2.81938326e-02, 2.85714286e-02,
       2.85714286e-02, 2.93266205e-02, 2.93266205e-02, 2.97042165e-02,
       2.97042165e-02, 2.99559471e-02, 2.99559471e-02, 3.05852738e-02,
       3.05852738e-02, 3.14663310e-02, 3.14663310e-02, 3.15921963e-02,
       3.15921963e-02, 3.20956576e-02, 3.20956576e-02, 3.24732536e-02,
       3.24732536e-02, 3.25991189e-02, 3.25991189e-02, 3.29767149e-02,
       3.29767149e-02, 3.32284456e-02, 3.32284456e-02, 3.39836375e-02,
       3.39836375e-02, 3.46129641e-02, 3.46129641e-02, 3.52422907e-02,
       3.52422907e-02, 3.53681561e-02, 3.53681561e-02, 3.58716174e-02,
       3.58716174e-02, 3.59974827e-02, 3.59974827e-02, 3.61233480e-02,
       3.61233480e-02, 3.63750787e-02, 3.63750787e-02, 3.65009440e-02,
       3.65009440e-02, 3.66268093e-02, 3.66268093e-02, 3.68785400e-02,
       3.68785400e-02, 3.70044053e-02, 3.70044053e-02, 3.72561359e-02,
       3.72561359e-02, 3.73820013e-02, 3.73820013e-02, 3.75078666e-02,
       3.75078666e-02, 3.77595972e-02, 3.77595972e-02, 3.81371932e-02,
       3.81371932e-02, 3.82630585e-02, 3.82630585e-02, 3.88923851e-02,
       3.88923851e-02, 3.90182505e-02, 3.90182505e-02, 3.95217118e-02,
       3.95217118e-02, 3.98993077e-02, 3.98993077e-02, 4.01510384e-02,
       4.01510384e-02, 4.04027690e-02, 4.04027690e-02, 4.05286344e-02,
       4.05286344e-02, 4.07803650e-02, 4.07803650e-02, 4.10320957e-02,
       4.10320957e-02, 4.11579610e-02, 4.11579610e-02, 4.12838263e-02,
       4.12838263e-02, 4.15355570e-02, 4.15355570e-02, 4.19131529e-02,
       4.19131529e-02, 4.21648836e-02, 4.21648836e-02, 4.29200755e-02,
       4.29200755e-02, 4.35494021e-02, 4.35494021e-02, 4.36752675e-02,
       4.36752675e-02, 4.38011328e-02, 4.38011328e-02, 4.41787288e-02,
       4.41787288e-02, 4.44304594e-02, 4.44304594e-02, 4.48080554e-02,
       4.48080554e-02, 4.53115167e-02, 4.53115167e-02, 4.60667086e-02,
       4.60667086e-02, 4.63184393e-02, 4.63184393e-02, 4.68219006e-02,
       4.68219006e-02, 4.71994965e-02, 4.71994965e-02, 4.73253619e-02,
       4.73253619e-02, 4.79546885e-02, 4.79546885e-02, 4.83322845e-02,
       4.83322845e-02, 4.87098804e-02, 4.87098804e-02, 4.93392070e-02,
       4.93392070e-02, 4.95909377e-02, 4.95909377e-02, 5.02202643e-02,
       5.02202643e-02, 5.03461296e-02, 5.03461296e-02, 5.04719950e-02,
       5.04719950e-02, 5.08495909e-02, 5.08495909e-02, 5.11013216e-02,
       5.11013216e-02, 5.14789176e-02, 5.14789176e-02, 5.23599748e-02,
       5.23599748e-02, 5.26117055e-02, 5.26117055e-02, 5.27375708e-02,
       5.27375708e-02, 5.34927627e-02, 5.34927627e-02, 5.37444934e-02,
       5.37444934e-02, 5.42479547e-02, 5.42479547e-02, 5.55066079e-02,
       5.55066079e-02, 5.63876652e-02, 5.63876652e-02, 5.70169918e-02,
       5.70169918e-02, 5.77721838e-02, 5.77721838e-02, 5.80239144e-02,
       5.80239144e-02, 5.97860289e-02, 5.97860289e-02, 5.99118943e-02,
       5.99118943e-02, 6.05412209e-02, 6.05412209e-02, 6.09188169e-02,
       6.09188169e-02, 6.12964128e-02, 6.12964128e-02, 6.16740088e-02,
       6.16740088e-02, 6.21774701e-02, 6.21774701e-02, 6.26809314e-02,
       6.26809314e-02, 6.28067967e-02, 6.28067967e-02, 6.30585274e-02,
       6.30585274e-02, 6.36878540e-02, 6.36878540e-02, 6.38137193e-02,
       6.38137193e-02, 6.58275645e-02, 6.58275645e-02, 6.67086218e-02,
       6.67086218e-02, 6.73379484e-02, 6.73379484e-02, 6.74638137e-02,
       6.74638137e-02, 6.78414097e-02, 6.78414097e-02, 6.83448710e-02,
       6.83448710e-02, 6.87224670e-02, 6.87224670e-02, 6.88483323e-02,
       6.88483323e-02, 7.02328508e-02, 7.02328508e-02, 7.09880428e-02,
       7.09880428e-02, 7.40088106e-02, 7.40088106e-02, 7.42605412e-02,
       7.42605412e-02, 7.51415985e-02, 7.51415985e-02, 7.52674638e-02,
       7.52674638e-02, 7.57709251e-02, 7.57709251e-02, 7.69037130e-02,
       7.69037130e-02, 7.71554437e-02, 7.71554437e-02, 7.82882316e-02,
       7.82882316e-02, 7.87916929e-02, 7.87916929e-02, 8.06796728e-02,
       8.06796728e-02, 8.30711139e-02, 8.30711139e-02, 8.31969792e-02,
       8.31969792e-02, 8.37004405e-02, 8.37004405e-02, 8.42039018e-02,
       8.42039018e-02, 8.43297671e-02, 8.43297671e-02, 8.52108244e-02,
       8.52108244e-02, 8.54625551e-02, 8.54625551e-02, 9.02454374e-02,
       9.02454374e-02, 9.08747640e-02, 9.08747640e-02, 9.28886092e-02,
       9.28886092e-02, 9.37696665e-02, 9.37696665e-02, 9.52800503e-02,
       9.52800503e-02, 9.55317810e-02, 9.55317810e-02, 1.00314663e-01,
       1.00314663e-01, 1.04845815e-01, 1.04845815e-01, 1.05097546e-01,
       1.05097546e-01, 1.10887351e-01, 1.10887351e-01, 1.11264947e-01,
       1.11264947e-01, 1.12901196e-01, 1.12901196e-01, 1.14663310e-01,
       1.14663310e-01, 1.14789176e-01, 1.14789176e-01, 1.16928886e-01,
       1.16928886e-01, 1.17306482e-01, 1.17306482e-01, 1.18439270e-01,
       1.18439270e-01, 1.23599748e-01, 1.23599748e-01, 1.23851479e-01,
       1.23851479e-01, 1.26872247e-01, 1.26872247e-01, 1.42353682e-01,
       1.42353682e-01, 1.44115796e-01, 1.44115796e-01, 1.44493392e-01,
       1.44493392e-01, 1.49024544e-01, 1.49024544e-01, 1.51919446e-01,
       1.51919446e-01, 1.52800503e-01, 1.52800503e-01, 1.55317810e-01,
       1.55317810e-01, 1.60352423e-01, 1.60352423e-01, 1.61359346e-01,
       1.61359346e-01, 1.68281938e-01, 1.68281938e-01, 1.69037130e-01,
       1.69037130e-01, 1.69918188e-01, 1.69918188e-01, 1.72687225e-01,
       1.72687225e-01, 1.75204531e-01, 1.75204531e-01, 1.78099434e-01,
       1.78099434e-01, 1.85903084e-01, 1.85903084e-01, 1.89679043e-01,
       1.89679043e-01, 1.91189427e-01, 1.91189427e-01, 1.92699811e-01,
       1.92699811e-01, 1.93832599e-01, 1.93832599e-01, 1.97986155e-01,
       1.97986155e-01, 2.02517306e-01, 2.02517306e-01, 2.05663940e-01,
       2.05663940e-01, 2.07803650e-01, 2.07803650e-01, 2.17117684e-01,
       2.17117684e-01, 2.40528634e-01, 2.40528634e-01, 2.52611705e-01,
       2.52611705e-01, 2.61170548e-01, 2.61170548e-01, 2.63687854e-01,
       2.63687854e-01, 2.77407174e-01, 2.77407174e-01, 3.06104468e-01,
       3.06104468e-01, 3.09880428e-01, 3.09880428e-01, 3.25991189e-01,
       3.25991189e-01, 3.42353682e-01, 3.42353682e-01, 3.84015104e-01,
       3.84015104e-01, 5.14663310e-01, 5.14663310e-01, 5.43989931e-01,
       5.44241661e-01, 8.16865953e-01, 8.16865953e-01, 1.00000000e+00]), 1: array([0.       , 0.       , 0.       , ..., 0.8733708, 0.8733708,
       1.       ], shape=(1362,)), 2: array([0.        , 0.        , 0.        , ..., 0.99700599, 0.99700599,
       1.        ], shape=(2002,)), 3: array([0.00000000e+00, 0.00000000e+00, 0.00000000e+00, 1.25738715e-04,
       1.25738715e-04, 2.51477430e-04, 2.51477430e-04, 3.77216145e-04,
       3.77216145e-04, 5.02954860e-04, 5.02954860e-04, 6.28693575e-04,
       6.28693575e-04, 7.54432290e-04, 7.54432290e-04, 8.80171005e-04,
       8.80171005e-04, 1.00590972e-03, 1.00590972e-03, 1.13164843e-03,
       1.13164843e-03, 1.25738715e-03, 1.25738715e-03, 1.38312586e-03,
       1.38312586e-03, 1.50886458e-03, 1.50886458e-03, 1.63460329e-03,
       1.63460329e-03, 1.88608072e-03, 1.88608072e-03, 2.01181944e-03,
       2.01181944e-03, 2.13755815e-03, 2.13755815e-03, 2.26329687e-03,
       2.26329687e-03, 2.38903558e-03, 2.38903558e-03, 2.51477430e-03,
       2.51477430e-03, 2.76625173e-03, 2.76625173e-03, 2.89199044e-03,
       2.89199044e-03, 3.01772916e-03, 3.01772916e-03, 3.26920659e-03,
       3.26920659e-03, 3.39494530e-03, 3.39494530e-03, 3.52068402e-03,
       3.52068402e-03, 3.64642273e-03, 3.64642273e-03, 3.77216145e-03,
       3.77216145e-03, 3.89790016e-03, 3.89790016e-03, 4.02363888e-03,
       4.02363888e-03, 4.14937759e-03, 4.14937759e-03, 4.27511631e-03,
       4.27511631e-03, 4.40085502e-03, 4.40085502e-03, 4.52659374e-03,
       4.52659374e-03, 4.77807117e-03, 4.77807117e-03, 5.02954860e-03,
       5.02954860e-03, 5.15528731e-03, 5.15528731e-03, 5.28102603e-03,
       5.28102603e-03, 5.40676474e-03, 5.40676474e-03, 5.53250346e-03,
       5.53250346e-03, 5.65824217e-03, 5.65824217e-03, 5.78398089e-03,
       5.78398089e-03, 5.90971960e-03, 5.90971960e-03, 6.16119703e-03,
       6.16119703e-03, 6.28693575e-03, 6.28693575e-03, 6.41267446e-03,
       6.41267446e-03, 6.53841318e-03, 6.53841318e-03, 6.66415189e-03,
       6.66415189e-03, 6.78989061e-03, 6.78989061e-03, 7.04136804e-03,
       7.04136804e-03, 7.16710675e-03, 7.16710675e-03, 7.29284547e-03,
       7.29284547e-03, 7.41858418e-03, 7.41858418e-03, 7.54432290e-03,
       7.54432290e-03, 7.67006161e-03, 7.67006161e-03, 7.79580033e-03,
       7.79580033e-03, 7.92153904e-03, 7.92153904e-03, 8.04727776e-03,
       8.04727776e-03, 8.17301647e-03, 8.17301647e-03, 8.29875519e-03,
       8.29875519e-03, 8.42449390e-03, 8.42449390e-03, 8.55023262e-03,
       8.55023262e-03, 8.67597133e-03, 8.67597133e-03, 8.92744876e-03,
       8.92744876e-03, 9.05318748e-03, 9.05318748e-03, 9.17892619e-03,
       9.17892619e-03, 9.30466491e-03, 9.30466491e-03, 9.43040362e-03,
       9.43040362e-03, 9.55614234e-03, 9.55614234e-03, 9.68188105e-03,
       9.68188105e-03, 9.93335848e-03, 9.93335848e-03, 1.00590972e-02,
       1.00590972e-02, 1.01848359e-02, 1.01848359e-02, 1.03105746e-02,
       1.03105746e-02, 1.04363133e-02, 1.04363133e-02, 1.06877908e-02,
       1.06877908e-02, 1.09392682e-02, 1.09392682e-02, 1.10650069e-02,
       1.10650069e-02, 1.11907456e-02, 1.11907456e-02, 1.14422231e-02,
       1.14422231e-02, 1.15679618e-02, 1.15679618e-02, 1.20709166e-02,
       1.20709166e-02, 1.21966554e-02, 1.21966554e-02, 1.26996102e-02,
       1.26996102e-02, 1.29510876e-02, 1.29510876e-02, 1.30768264e-02,
       1.30768264e-02, 1.32025651e-02, 1.32025651e-02, 1.33283038e-02,
       1.33283038e-02, 1.34540425e-02, 1.34540425e-02, 1.35797812e-02,
       1.35797812e-02, 1.37055199e-02, 1.37055199e-02, 1.40827361e-02,
       1.40827361e-02, 1.42084748e-02, 1.42084748e-02, 1.47114296e-02,
       1.47114296e-02, 1.50886458e-02, 1.50886458e-02, 1.52143845e-02,
       1.52143845e-02, 1.53401232e-02, 1.53401232e-02, 1.54658619e-02,
       1.54658619e-02, 1.55916007e-02, 1.55916007e-02, 1.58430781e-02,
       1.58430781e-02, 1.62202942e-02, 1.62202942e-02, 1.64717717e-02,
       1.64717717e-02, 1.65975104e-02, 1.65975104e-02, 1.67232491e-02,
       1.67232491e-02, 1.69747265e-02, 1.69747265e-02, 1.72262039e-02,
       1.72262039e-02, 1.73519427e-02, 1.73519427e-02, 1.74776814e-02,
       1.74776814e-02, 1.76034201e-02, 1.76034201e-02, 1.78548975e-02,
       1.78548975e-02, 1.79806362e-02, 1.79806362e-02, 1.82321137e-02,
       1.82321137e-02, 1.86093298e-02, 1.86093298e-02, 1.89865460e-02,
       1.89865460e-02, 1.98667170e-02, 1.98667170e-02, 1.99924557e-02,
       1.99924557e-02, 2.01181944e-02, 2.01181944e-02, 2.03696718e-02,
       2.03696718e-02, 2.04954105e-02, 2.04954105e-02, 2.06211493e-02,
       2.06211493e-02, 2.09983654e-02, 2.09983654e-02, 2.12498428e-02,
       2.12498428e-02, 2.13755815e-02, 2.13755815e-02, 2.15013203e-02,
       2.15013203e-02, 2.17527977e-02, 2.17527977e-02, 2.18785364e-02,
       2.18785364e-02, 2.20042751e-02, 2.20042751e-02, 2.22557525e-02,
       2.22557525e-02, 2.25072300e-02, 2.25072300e-02, 2.27587074e-02,
       2.27587074e-02, 2.31359236e-02, 2.31359236e-02, 2.35131397e-02,
       2.35131397e-02, 2.37646171e-02, 2.37646171e-02, 2.41418333e-02,
       2.41418333e-02, 2.42675720e-02, 2.42675720e-02, 2.43933107e-02,
       2.43933107e-02, 2.45190494e-02, 2.45190494e-02, 2.46447881e-02,
       2.46447881e-02, 2.48962656e-02, 2.48962656e-02, 2.51477430e-02,
       2.51477430e-02, 2.55249591e-02, 2.55249591e-02, 2.56506978e-02,
       2.56506978e-02, 2.57764366e-02, 2.57764366e-02, 2.60279140e-02,
       2.60279140e-02, 2.61536527e-02, 2.61536527e-02, 2.65308689e-02,
       2.65308689e-02, 2.66566076e-02, 2.66566076e-02, 2.67823463e-02,
       2.67823463e-02, 2.69080850e-02, 2.69080850e-02, 2.70338237e-02,
       2.70338237e-02, 2.74110399e-02, 2.74110399e-02, 2.77882560e-02,
       2.77882560e-02, 2.81654721e-02, 2.81654721e-02, 2.82912109e-02,
       2.82912109e-02, 2.85426883e-02, 2.85426883e-02, 2.86684270e-02,
       2.86684270e-02, 2.87941657e-02, 2.87941657e-02, 2.96743367e-02,
       2.96743367e-02, 3.00515529e-02, 3.00515529e-02, 3.05545077e-02,
       3.05545077e-02, 3.08059852e-02, 3.08059852e-02, 3.09317239e-02,
       3.09317239e-02, 3.11832013e-02, 3.11832013e-02, 3.16861562e-02,
       3.16861562e-02, 3.18118949e-02, 3.18118949e-02, 3.19376336e-02,
       3.19376336e-02, 3.20633723e-02, 3.20633723e-02, 3.21891110e-02,
       3.21891110e-02, 3.24405885e-02, 3.24405885e-02, 3.26920659e-02,
       3.26920659e-02, 3.28178046e-02, 3.28178046e-02, 3.34464982e-02,
       3.34464982e-02, 3.35722369e-02, 3.35722369e-02, 3.39494530e-02,
       3.39494530e-02, 3.42009305e-02, 3.42009305e-02, 3.43266692e-02,
       3.43266692e-02, 3.45781466e-02, 3.45781466e-02, 3.52068402e-02,
       3.52068402e-02, 3.53325789e-02, 3.53325789e-02, 3.55840563e-02,
       3.55840563e-02, 3.57097950e-02, 3.57097950e-02, 3.59612725e-02,
       3.59612725e-02, 3.63384886e-02, 3.63384886e-02, 3.65899661e-02,
       3.65899661e-02, 3.69671822e-02, 3.69671822e-02, 3.72186596e-02,
       3.72186596e-02, 3.73443983e-02, 3.73443983e-02, 3.75958758e-02,
       3.75958758e-02, 3.80988306e-02, 3.80988306e-02, 3.89790016e-02,
       3.89790016e-02, 3.92304791e-02, 3.92304791e-02, 3.98591726e-02,
       3.98591726e-02, 4.01106501e-02, 4.01106501e-02, 4.02363888e-02,
       4.02363888e-02, 4.03621275e-02, 4.03621275e-02, 4.06136049e-02,
       4.06136049e-02, 4.11165598e-02, 4.11165598e-02, 4.17452534e-02,
       4.17452534e-02, 4.21224695e-02, 4.21224695e-02, 4.23739469e-02,
       4.23739469e-02, 4.24996857e-02, 4.24996857e-02, 4.28769018e-02,
       4.28769018e-02, 4.30026405e-02, 4.30026405e-02, 4.31283792e-02,
       4.31283792e-02, 4.33798567e-02, 4.33798567e-02, 4.36313341e-02,
       4.36313341e-02, 4.41342889e-02, 4.41342889e-02, 4.42600277e-02,
       4.42600277e-02, 4.48887212e-02, 4.48887212e-02, 4.60203697e-02,
       4.60203697e-02, 4.63975858e-02, 4.63975858e-02, 4.67748020e-02,
       4.67748020e-02, 4.74034955e-02, 4.74034955e-02, 4.79064504e-02,
       4.79064504e-02, 4.85351440e-02, 4.85351440e-02, 4.86608827e-02,
       4.86608827e-02, 4.89123601e-02, 4.89123601e-02, 4.91638375e-02,
       4.91638375e-02, 4.94153150e-02, 4.94153150e-02, 4.95410537e-02,
       4.95410537e-02, 4.96667924e-02, 4.96667924e-02, 4.97925311e-02,
       4.97925311e-02, 5.00440086e-02, 5.00440086e-02, 5.01697473e-02,
       5.01697473e-02, 5.06727021e-02, 5.06727021e-02, 5.10499183e-02,
       5.10499183e-02, 5.18043506e-02, 5.18043506e-02, 5.20558280e-02,
       5.20558280e-02, 5.41933861e-02, 5.41933861e-02, 5.43191249e-02,
       5.43191249e-02, 5.44448636e-02, 5.44448636e-02, 5.46963410e-02,
       5.46963410e-02, 5.50735571e-02, 5.50735571e-02, 5.57022507e-02,
       5.57022507e-02, 5.59537282e-02, 5.59537282e-02, 5.62052056e-02,
       5.62052056e-02, 5.64566830e-02, 5.64566830e-02, 5.65824217e-02,
       5.65824217e-02, 5.72111153e-02, 5.72111153e-02, 5.75883314e-02,
       5.75883314e-02, 5.79655476e-02, 5.79655476e-02, 5.80912863e-02,
       5.80912863e-02, 6.02288445e-02, 6.02288445e-02, 6.04803219e-02,
       6.04803219e-02, 6.09832768e-02, 6.09832768e-02, 6.22406639e-02,
       6.22406639e-02, 6.23664026e-02, 6.23664026e-02, 6.24921413e-02,
       6.24921413e-02, 6.31208349e-02, 6.31208349e-02, 6.33723123e-02,
       6.33723123e-02, 6.38752672e-02, 6.38752672e-02, 6.56356092e-02,
       6.56356092e-02, 6.62643028e-02, 6.62643028e-02, 6.65157802e-02,
       6.65157802e-02, 6.66415189e-02, 6.66415189e-02, 6.73959512e-02,
       6.73959512e-02, 6.84018609e-02, 6.84018609e-02, 6.87790771e-02,
       6.87790771e-02, 6.99107255e-02, 6.99107255e-02, 7.06651578e-02,
       7.06651578e-02, 7.11681127e-02, 7.11681127e-02, 7.19225450e-02,
       7.19225450e-02, 7.20482837e-02, 7.20482837e-02, 7.24254998e-02,
       7.24254998e-02, 7.40601031e-02, 7.40601031e-02, 7.50660128e-02,
       7.50660128e-02, 7.56947064e-02, 7.56947064e-02, 7.61976613e-02,
       7.61976613e-02, 7.87124356e-02, 7.87124356e-02, 7.90896517e-02,
       7.90896517e-02, 7.92153904e-02, 7.92153904e-02, 7.99698227e-02,
       7.99698227e-02, 8.11014711e-02, 8.11014711e-02, 8.17301647e-02,
       8.17301647e-02, 8.23588583e-02, 8.23588583e-02, 8.29875519e-02,
       8.29875519e-02, 8.51251100e-02, 8.51251100e-02, 8.58795423e-02,
       8.58795423e-02, 8.63824972e-02, 8.63824972e-02, 8.71369295e-02,
       8.71369295e-02, 8.75141456e-02, 8.75141456e-02, 9.05318748e-02,
       9.05318748e-02, 9.09090909e-02, 9.09090909e-02, 9.11605683e-02,
       9.11605683e-02, 9.15377845e-02, 9.15377845e-02, 9.20407393e-02,
       9.20407393e-02, 9.29209103e-02, 9.29209103e-02, 9.31723878e-02,
       9.31723878e-02, 9.36753426e-02, 9.36753426e-02, 9.50584685e-02,
       9.50584685e-02, 9.71960267e-02, 9.71960267e-02, 9.74475041e-02,
       9.74475041e-02, 9.89563687e-02, 9.89563687e-02, 9.92078461e-02,
       9.92078461e-02, 1.00213756e-01, 1.00213756e-01, 1.00339495e-01,
       1.00339495e-01, 1.00465233e-01, 1.00465233e-01, 1.01471143e-01,
       1.01471143e-01, 1.03860179e-01, 1.03860179e-01, 1.07129385e-01,
       1.07129385e-01, 1.07255124e-01, 1.07255124e-01, 1.08638250e-01,
       1.08638250e-01, 1.10650069e-01, 1.10650069e-01, 1.11404501e-01,
       1.11404501e-01, 1.13039105e-01, 1.13039105e-01, 1.13416321e-01,
       1.13416321e-01, 1.13667798e-01, 1.13667798e-01, 1.13793537e-01,
       1.13793537e-01, 1.14170753e-01, 1.14170753e-01, 1.16056834e-01,
       1.16056834e-01, 1.19326040e-01, 1.19326040e-01, 1.20834905e-01,
       1.20834905e-01, 1.21337860e-01, 1.21337860e-01, 1.21463599e-01,
       1.21463599e-01, 1.21589337e-01, 1.21589337e-01, 1.23349679e-01,
       1.23349679e-01, 1.23601157e-01, 1.23601157e-01, 1.25110021e-01,
       1.25110021e-01, 1.26115931e-01, 1.26115931e-01, 1.27624796e-01,
       1.27624796e-01, 1.27750534e-01, 1.27750534e-01, 1.28756444e-01,
       1.28756444e-01, 1.29007922e-01, 1.29007922e-01, 1.29259399e-01,
       1.29259399e-01, 1.29636615e-01, 1.29636615e-01, 1.31396957e-01,
       1.31396957e-01, 1.32025651e-01, 1.32025651e-01, 1.33534515e-01,
       1.33534515e-01, 1.33785993e-01, 1.33785993e-01, 1.34666164e-01,
       1.34666164e-01, 1.36929461e-01, 1.36929461e-01, 1.39067019e-01,
       1.39067019e-01, 1.39318496e-01, 1.39318496e-01, 1.40701622e-01,
       1.40701622e-01, 1.41078838e-01, 1.41078838e-01, 1.45731171e-01,
       1.45731171e-01, 1.45856909e-01, 1.45856909e-01, 1.48120206e-01,
       1.48120206e-01, 1.53149755e-01, 1.53149755e-01, 1.55287313e-01,
       1.55287313e-01, 1.56921916e-01, 1.56921916e-01, 1.60945555e-01,
       1.60945555e-01, 1.65597888e-01, 1.65597888e-01, 1.68238401e-01,
       1.68238401e-01, 1.70124481e-01, 1.70124481e-01, 1.73016472e-01,
       1.73016472e-01, 1.76034201e-01, 1.76034201e-01, 1.76662895e-01,
       1.76662895e-01, 1.79051930e-01, 1.79051930e-01, 1.80938011e-01,
       1.80938011e-01, 1.85464605e-01, 1.85464605e-01, 1.86219037e-01,
       1.86219037e-01, 1.86470514e-01, 1.86470514e-01, 1.86973469e-01,
       1.86973469e-01, 1.91500063e-01, 1.91500063e-01, 2.00804728e-01,
       2.00804728e-01, 2.01433421e-01, 2.01433421e-01, 2.03445241e-01,
       2.03445241e-01, 2.05079844e-01, 2.05079844e-01, 2.06714447e-01,
       2.06714447e-01, 2.14133032e-01, 2.14133032e-01, 2.15641896e-01,
       2.15641896e-01, 2.22431787e-01, 2.22431787e-01, 2.29095939e-01,
       2.29095939e-01, 2.36640262e-01, 2.36640262e-01, 2.38652081e-01,
       2.38652081e-01, 2.40538162e-01, 2.40538162e-01, 2.43178675e-01,
       2.43178675e-01, 2.43933107e-01, 2.43933107e-01, 2.44184584e-01,
       2.44184584e-01, 2.46699359e-01, 2.46699359e-01, 2.49465610e-01,
       2.49465610e-01, 2.49968565e-01, 2.49968565e-01, 2.52106123e-01,
       2.52106123e-01, 2.55249591e-01, 2.55249591e-01, 2.56004024e-01,
       2.56004024e-01, 2.60782095e-01, 2.60782095e-01, 2.61285050e-01,
       2.61285050e-01, 2.61536527e-01, 2.61536527e-01, 2.64177040e-01,
       2.64177040e-01, 2.64679995e-01, 2.64679995e-01, 2.67069031e-01,
       2.67069031e-01, 2.73104489e-01, 2.73104489e-01, 2.73858921e-01,
       2.73858921e-01, 2.79391425e-01, 2.79391425e-01, 2.84169496e-01,
       2.84169496e-01, 2.87312964e-01, 2.87312964e-01, 2.91965296e-01,
       2.91965296e-01, 2.96994845e-01, 2.96994845e-01, 3.01395700e-01,
       3.01395700e-01, 3.04413429e-01, 3.04413429e-01, 3.06425248e-01,
       3.06425248e-01, 3.15478436e-01, 3.15478436e-01, 3.17993210e-01,
       3.17993210e-01, 3.18873381e-01, 3.18873381e-01, 3.23022759e-01,
       3.23022759e-01, 3.23902930e-01, 3.23902930e-01, 3.26291965e-01,
       3.26291965e-01, 3.26794920e-01, 3.26794920e-01, 3.28052307e-01,
       3.28052307e-01, 3.29435433e-01, 3.29435433e-01, 3.36854017e-01,
       3.36854017e-01, 3.39997485e-01, 3.39997485e-01, 3.40626179e-01,
       3.40626179e-01, 3.41380611e-01, 3.41380611e-01, 3.54583176e-01,
       3.54583176e-01, 3.57978121e-01, 3.57978121e-01, 3.61624544e-01,
       3.61624544e-01, 3.76587451e-01, 3.76587451e-01, 3.78347793e-01,
       3.78347793e-01, 3.85892116e-01, 3.85892116e-01, 3.89161323e-01,
       3.89161323e-01, 3.97837294e-01, 3.97837294e-01, 3.97963033e-01,
       3.97963033e-01, 3.99974852e-01, 3.99974852e-01, 4.03495536e-01,
       4.03495536e-01, 4.06890482e-01, 4.06890482e-01, 4.08650824e-01,
       4.08650824e-01, 4.12045769e-01, 4.12045769e-01, 4.17326795e-01,
       4.17326795e-01, 4.21476173e-01, 4.21476173e-01, 4.23487992e-01,
       4.23487992e-01, 4.27511631e-01, 4.27511631e-01, 4.27763108e-01,
       4.27763108e-01, 4.38450899e-01, 4.38450899e-01, 4.41468628e-01,
       4.41468628e-01, 4.41845844e-01, 4.41845844e-01, 4.47755564e-01,
       4.47755564e-01, 4.50773293e-01, 4.50773293e-01, 4.51401987e-01,
       4.51401987e-01, 4.52785113e-01, 4.52785113e-01, 4.57060229e-01,
       4.57060229e-01, 4.66993587e-01, 4.66993587e-01, 4.67119326e-01,
       4.67119326e-01, 4.67245065e-01, 4.67245065e-01, 4.74286433e-01,
       4.74286433e-01, 4.75795297e-01, 4.75795297e-01, 4.77555639e-01,
       4.77555639e-01, 4.82710927e-01, 4.82710927e-01, 4.95536276e-01,
       4.95536276e-01, 4.96919401e-01, 4.96919401e-01, 4.99559914e-01,
       4.99559914e-01, 5.02451905e-01, 5.02451905e-01, 5.05092418e-01,
       5.05092418e-01, 5.05343895e-01, 5.05343895e-01, 5.05595373e-01,
       5.05595373e-01, 5.05846850e-01, 5.05846850e-01, 5.12762480e-01,
       5.12762480e-01, 5.41053690e-01, 5.41053690e-01, 5.41179429e-01,
       5.41179429e-01, 5.67458821e-01, 5.67458821e-01, 5.72865585e-01,
       5.72865585e-01, 6.16496919e-01, 6.16496919e-01, 6.83767132e-01,
       6.83767132e-01, 8.20319376e-01, 8.20319376e-01, 1.00000000e+00]), 4: array([0.00000000e+00, 0.00000000e+00, 0.00000000e+00, 1.28949065e-04,
       1.28949065e-04, 2.57898130e-04, 2.57898130e-04, 3.86847195e-04,
       3.86847195e-04, 5.15796260e-04, 5.15796260e-04, 6.44745326e-04,
       6.44745326e-04, 7.73694391e-04, 7.73694391e-04, 9.02643456e-04,
       9.02643456e-04, 1.03159252e-03, 1.03159252e-03, 1.16054159e-03,
       1.16054159e-03, 1.28949065e-03, 1.28949065e-03, 1.41843972e-03,
       1.41843972e-03, 1.54738878e-03, 1.54738878e-03, 1.67633785e-03,
       1.67633785e-03, 1.80528691e-03, 1.80528691e-03, 1.93423598e-03,
       1.93423598e-03, 2.06318504e-03, 2.06318504e-03, 2.19213411e-03,
       2.19213411e-03, 2.32108317e-03, 2.32108317e-03, 2.45003224e-03,
       2.45003224e-03, 2.57898130e-03, 2.57898130e-03, 2.83687943e-03,
       2.83687943e-03, 2.96582850e-03, 2.96582850e-03, 3.09477756e-03,
       3.09477756e-03, 3.22372663e-03, 3.22372663e-03, 3.35267569e-03,
       3.35267569e-03, 3.48162476e-03, 3.48162476e-03, 3.61057382e-03,
       3.61057382e-03, 3.73952289e-03, 3.73952289e-03, 3.86847195e-03,
       3.86847195e-03, 3.99742102e-03, 3.99742102e-03, 4.12637008e-03,
       4.12637008e-03, 4.25531915e-03, 4.25531915e-03, 4.38426821e-03,
       4.38426821e-03, 4.51321728e-03, 4.51321728e-03, 4.64216634e-03,
       4.64216634e-03, 4.77111541e-03, 4.77111541e-03, 4.90006447e-03,
       4.90006447e-03, 5.15796260e-03, 5.15796260e-03, 5.28691167e-03,
       5.28691167e-03, 5.41586074e-03, 5.41586074e-03, 5.54480980e-03,
       5.54480980e-03, 5.67375887e-03, 5.67375887e-03, 5.80270793e-03,
       5.80270793e-03, 6.06060606e-03, 6.06060606e-03, 6.18955513e-03,
       6.18955513e-03, 6.31850419e-03, 6.31850419e-03, 6.44745326e-03,
       6.44745326e-03, 6.57640232e-03, 6.57640232e-03, 6.70535139e-03,
       6.70535139e-03, 6.96324952e-03, 6.96324952e-03, 7.09219858e-03,
       7.09219858e-03, 7.22114765e-03, 7.22114765e-03, 7.35009671e-03,
       7.35009671e-03, 7.47904578e-03, 7.47904578e-03, 7.60799484e-03,
       7.60799484e-03, 7.73694391e-03, 7.73694391e-03, 7.86589297e-03,
       7.86589297e-03, 8.12379110e-03, 8.12379110e-03, 8.25274017e-03,
       8.25274017e-03, 8.38168923e-03, 8.38168923e-03, 8.51063830e-03,
       8.51063830e-03, 8.63958736e-03, 8.63958736e-03, 8.76853643e-03,
       8.76853643e-03, 9.02643456e-03, 9.02643456e-03, 9.15538362e-03,
       9.15538362e-03, 9.28433269e-03, 9.28433269e-03, 9.41328175e-03,
       9.41328175e-03, 9.54223082e-03, 9.54223082e-03, 9.80012895e-03,
       9.80012895e-03, 9.92907801e-03, 9.92907801e-03, 1.00580271e-02,
       1.00580271e-02, 1.01869761e-02, 1.01869761e-02, 1.03159252e-02,
       1.03159252e-02, 1.04448743e-02, 1.04448743e-02, 1.07027724e-02,
       1.07027724e-02, 1.08317215e-02, 1.08317215e-02, 1.09606705e-02,
       1.09606705e-02, 1.12185687e-02, 1.12185687e-02, 1.13475177e-02,
       1.13475177e-02, 1.16054159e-02, 1.16054159e-02, 1.17343649e-02,
       1.17343649e-02, 1.18633140e-02, 1.18633140e-02, 1.19922631e-02,
       1.19922631e-02, 1.21212121e-02, 1.21212121e-02, 1.22501612e-02,
       1.22501612e-02, 1.23791103e-02, 1.23791103e-02, 1.25080593e-02,
       1.25080593e-02, 1.26370084e-02, 1.26370084e-02, 1.27659574e-02,
       1.27659574e-02, 1.30238556e-02, 1.30238556e-02, 1.31528046e-02,
       1.31528046e-02, 1.32817537e-02, 1.32817537e-02, 1.34107028e-02,
       1.34107028e-02, 1.35396518e-02, 1.35396518e-02, 1.36686009e-02,
       1.36686009e-02, 1.37975500e-02, 1.37975500e-02, 1.39264990e-02,
       1.39264990e-02, 1.40554481e-02, 1.40554481e-02, 1.41843972e-02,
       1.41843972e-02, 1.43133462e-02, 1.43133462e-02, 1.44422953e-02,
       1.44422953e-02, 1.47001934e-02, 1.47001934e-02, 1.48291425e-02,
       1.48291425e-02, 1.52159897e-02, 1.52159897e-02, 1.53449387e-02,
       1.53449387e-02, 1.54738878e-02, 1.54738878e-02, 1.56028369e-02,
       1.56028369e-02, 1.57317859e-02, 1.57317859e-02, 1.61186331e-02,
       1.61186331e-02, 1.62475822e-02, 1.62475822e-02, 1.63765313e-02,
       1.63765313e-02, 1.66344294e-02, 1.66344294e-02, 1.67633785e-02,
       1.67633785e-02, 1.70212766e-02, 1.70212766e-02, 1.72791747e-02,
       1.72791747e-02, 1.75370729e-02, 1.75370729e-02, 1.76660219e-02,
       1.76660219e-02, 1.79239201e-02, 1.79239201e-02, 1.80528691e-02,
       1.80528691e-02, 1.81818182e-02, 1.81818182e-02, 1.83107672e-02,
       1.83107672e-02, 1.84397163e-02, 1.84397163e-02, 1.88265635e-02,
       1.88265635e-02, 1.89555126e-02, 1.89555126e-02, 1.90844616e-02,
       1.90844616e-02, 1.94713088e-02, 1.94713088e-02, 1.96002579e-02,
       1.96002579e-02, 1.98581560e-02, 1.98581560e-02, 1.99871051e-02,
       1.99871051e-02, 2.01160542e-02, 2.01160542e-02, 2.02450032e-02,
       2.02450032e-02, 2.03739523e-02, 2.03739523e-02, 2.05029014e-02,
       2.05029014e-02, 2.06318504e-02, 2.06318504e-02, 2.07607995e-02,
       2.07607995e-02, 2.08897485e-02, 2.08897485e-02, 2.10186976e-02,
       2.10186976e-02, 2.11476467e-02, 2.11476467e-02, 2.12765957e-02,
       2.12765957e-02, 2.14055448e-02, 2.14055448e-02, 2.15344939e-02,
       2.15344939e-02, 2.16634429e-02, 2.16634429e-02, 2.19213411e-02,
       2.19213411e-02, 2.20502901e-02, 2.20502901e-02, 2.21792392e-02,
       2.21792392e-02, 2.24371373e-02, 2.24371373e-02, 2.26950355e-02,
       2.26950355e-02, 2.28239845e-02, 2.28239845e-02, 2.33397808e-02,
       2.33397808e-02, 2.35976789e-02, 2.35976789e-02, 2.39845261e-02,
       2.39845261e-02, 2.43713733e-02, 2.43713733e-02, 2.46292714e-02,
       2.46292714e-02, 2.48871696e-02, 2.48871696e-02, 2.50161186e-02,
       2.50161186e-02, 2.51450677e-02, 2.51450677e-02, 2.56608640e-02,
       2.56608640e-02, 2.59187621e-02, 2.59187621e-02, 2.60477112e-02,
       2.60477112e-02, 2.61766602e-02, 2.61766602e-02, 2.63056093e-02,
       2.63056093e-02, 2.66924565e-02, 2.66924565e-02, 2.73372018e-02,
       2.73372018e-02, 2.74661509e-02, 2.74661509e-02, 2.75950999e-02,
       2.75950999e-02, 2.79819471e-02, 2.79819471e-02, 2.81108962e-02,
       2.81108962e-02, 2.83687943e-02, 2.83687943e-02, 2.84977434e-02,
       2.84977434e-02, 2.88845906e-02, 2.88845906e-02, 2.94003868e-02,
       2.94003868e-02, 2.95293359e-02, 2.95293359e-02, 2.97872340e-02,
       2.97872340e-02, 2.99161831e-02, 2.99161831e-02, 3.01740812e-02,
       3.01740812e-02, 3.06898775e-02, 3.06898775e-02, 3.12056738e-02,
       3.12056738e-02, 3.13346228e-02, 3.13346228e-02, 3.15925210e-02,
       3.15925210e-02, 3.17214700e-02, 3.17214700e-02, 3.26241135e-02,
       3.26241135e-02, 3.27530625e-02, 3.27530625e-02, 3.28820116e-02,
       3.28820116e-02, 3.32688588e-02, 3.32688588e-02, 3.35267569e-02,
       3.35267569e-02, 3.37846551e-02, 3.37846551e-02, 3.40425532e-02,
       3.40425532e-02, 3.48162476e-02, 3.48162476e-02, 3.52030948e-02,
       3.52030948e-02, 3.53320438e-02, 3.53320438e-02, 3.57188910e-02,
       3.57188910e-02, 3.58478401e-02, 3.58478401e-02, 3.64925854e-02,
       3.64925854e-02, 3.70083817e-02, 3.70083817e-02, 3.75241779e-02,
       3.75241779e-02, 3.76531270e-02, 3.76531270e-02, 3.79110251e-02,
       3.79110251e-02, 3.80399742e-02, 3.80399742e-02, 3.85557705e-02,
       3.85557705e-02, 3.92005158e-02, 3.92005158e-02, 3.95873630e-02,
       3.95873630e-02, 3.98452611e-02, 3.98452611e-02, 4.08768536e-02,
       4.08768536e-02, 4.12637008e-02, 4.12637008e-02, 4.13926499e-02,
       4.13926499e-02, 4.15215990e-02, 4.15215990e-02, 4.16505480e-02,
       4.16505480e-02, 4.29400387e-02, 4.29400387e-02, 4.30689877e-02,
       4.30689877e-02, 4.31979368e-02, 4.31979368e-02, 4.34558349e-02,
       4.34558349e-02, 4.38426821e-02, 4.38426821e-02, 4.41005803e-02,
       4.41005803e-02, 4.42295293e-02, 4.42295293e-02, 4.44874275e-02,
       4.44874275e-02, 4.48742747e-02, 4.48742747e-02, 4.59058672e-02,
       4.59058672e-02, 4.62927144e-02, 4.62927144e-02, 4.70664088e-02,
       4.70664088e-02, 4.73243069e-02, 4.73243069e-02, 4.80980013e-02,
       4.80980013e-02, 4.90006447e-02, 4.90006447e-02, 4.99032882e-02,
       4.99032882e-02, 5.01611863e-02, 5.01611863e-02, 5.08059317e-02,
       5.08059317e-02, 5.13217279e-02, 5.13217279e-02, 5.18375242e-02,
       5.18375242e-02, 5.20954223e-02, 5.20954223e-02, 5.24822695e-02,
       5.24822695e-02, 5.29980658e-02, 5.29980658e-02, 5.31270148e-02,
       5.31270148e-02, 5.32559639e-02, 5.32559639e-02, 5.39007092e-02,
       5.39007092e-02, 5.44165055e-02, 5.44165055e-02, 5.48033527e-02,
       5.48033527e-02, 5.59638943e-02, 5.59638943e-02, 5.63507415e-02,
       5.63507415e-02, 5.64796905e-02, 5.64796905e-02, 5.66086396e-02,
       5.66086396e-02, 5.67375887e-02, 5.67375887e-02, 5.69954868e-02,
       5.69954868e-02, 5.72533849e-02, 5.72533849e-02, 5.77691812e-02,
       5.77691812e-02, 5.81560284e-02, 5.81560284e-02, 5.88007737e-02,
       5.88007737e-02, 5.91876209e-02, 5.91876209e-02, 5.95744681e-02,
       5.95744681e-02, 6.00902643e-02, 6.00902643e-02, 6.12508059e-02,
       6.12508059e-02, 6.33139910e-02, 6.33139910e-02, 6.39587363e-02,
       6.39587363e-02, 6.44745326e-02, 6.44745326e-02, 6.55061251e-02,
       6.55061251e-02, 6.70535139e-02, 6.70535139e-02, 6.80851064e-02,
       6.80851064e-02, 6.88588008e-02, 6.88588008e-02, 6.91166989e-02,
       6.91166989e-02, 6.95035461e-02, 6.95035461e-02, 7.00193424e-02,
       7.00193424e-02, 7.01482914e-02, 7.01482914e-02, 7.05351386e-02,
       7.05351386e-02, 7.15667311e-02, 7.15667311e-02, 7.40167634e-02,
       7.40167634e-02, 7.45325596e-02, 7.45325596e-02, 7.51773050e-02,
       7.51773050e-02, 7.55641522e-02, 7.55641522e-02, 7.56931012e-02,
       7.56931012e-02, 7.59509994e-02, 7.59509994e-02, 7.64667956e-02,
       7.64667956e-02, 7.67246937e-02, 7.67246937e-02, 7.81431335e-02,
       7.81431335e-02, 7.84010316e-02, 7.84010316e-02, 8.05931657e-02,
       8.05931657e-02, 8.12379110e-02, 8.12379110e-02, 8.22695035e-02,
       8.22695035e-02, 8.31721470e-02, 8.31721470e-02, 8.44616377e-02,
       8.44616377e-02, 8.60090264e-02, 8.60090264e-02, 8.62669246e-02,
       8.62669246e-02, 8.65248227e-02, 8.65248227e-02, 8.79432624e-02,
       8.79432624e-02, 8.82011605e-02, 8.82011605e-02, 8.97485493e-02,
       8.97485493e-02, 9.20696325e-02, 9.20696325e-02, 9.33591231e-02,
       9.33591231e-02, 9.34880722e-02, 9.34880722e-02, 9.41328175e-02,
       9.41328175e-02, 9.54223082e-02, 9.54223082e-02, 9.91618311e-02,
       9.91618311e-02, 9.92907801e-02, 9.92907801e-02, 1.00193424e-01,
       1.00193424e-01, 1.00709220e-01, 1.00709220e-01, 1.01225016e-01,
       1.01225016e-01, 1.03546099e-01, 1.03546099e-01, 1.04319794e-01,
       1.04319794e-01, 1.07285622e-01, 1.07285622e-01, 1.07672469e-01,
       1.07672469e-01, 1.08446164e-01, 1.08446164e-01, 1.08575113e-01,
       1.08575113e-01, 1.09864603e-01, 1.09864603e-01, 1.10896196e-01,
       1.10896196e-01, 1.11154094e-01, 1.11154094e-01, 1.17085751e-01,
       1.17085751e-01, 1.17730496e-01, 1.17730496e-01, 1.18246293e-01,
       1.18246293e-01, 1.19535783e-01, 1.19535783e-01, 1.22372663e-01,
       1.22372663e-01, 1.26756931e-01, 1.26756931e-01, 1.28820116e-01,
       1.28820116e-01, 1.32172792e-01, 1.32172792e-01, 1.32946486e-01,
       1.32946486e-01, 1.35267569e-01, 1.35267569e-01, 1.37588652e-01,
       1.37588652e-01, 1.38878143e-01, 1.38878143e-01, 1.41199226e-01,
       1.41199226e-01, 1.41843972e-01, 1.41843972e-01, 1.45583495e-01,
       1.45583495e-01, 1.48291425e-01, 1.48291425e-01, 1.49065119e-01,
       1.49065119e-01, 1.52030948e-01, 1.52030948e-01, 1.52288846e-01,
       1.52288846e-01, 1.53965184e-01, 1.53965184e-01, 1.55899420e-01,
       1.55899420e-01, 1.56157318e-01, 1.56157318e-01, 1.57833656e-01,
       1.57833656e-01, 1.58736299e-01, 1.58736299e-01, 1.61315280e-01,
       1.61315280e-01, 1.61444230e-01, 1.61444230e-01, 1.61831077e-01,
       1.61831077e-01, 1.65183752e-01, 1.65183752e-01, 1.67891683e-01,
       1.67891683e-01, 1.72018053e-01, 1.72018053e-01, 1.78336557e-01,
       1.78336557e-01, 1.79368150e-01, 1.79368150e-01, 1.80528691e-01,
       1.80528691e-01, 1.82720825e-01, 1.82720825e-01, 1.83881367e-01,
       1.83881367e-01, 1.89168279e-01, 1.89168279e-01, 1.90457769e-01,
       1.90457769e-01, 1.96002579e-01, 1.96002579e-01, 1.96131528e-01,
       1.96131528e-01, 2.00644745e-01, 2.00644745e-01, 2.03868472e-01,
       2.03868472e-01, 2.08123791e-01, 2.08123791e-01, 2.26305609e-01,
       2.26305609e-01, 2.34945197e-01, 2.34945197e-01, 2.41005803e-01,
       2.41005803e-01, 2.44100580e-01, 2.44100580e-01, 2.47195358e-01,
       2.47195358e-01, 2.51192779e-01, 2.51192779e-01, 2.60992908e-01,
       2.60992908e-01, 2.65635074e-01, 2.65635074e-01, 2.67440361e-01,
       2.67440361e-01, 2.68600903e-01, 2.68600903e-01, 2.81237911e-01,
       2.81237911e-01, 3.15280464e-01, 3.15280464e-01, 3.17730496e-01,
       3.17730496e-01, 3.23920052e-01, 3.23920052e-01, 3.31785945e-01,
       3.31785945e-01, 3.32430690e-01, 3.32430690e-01, 3.33720181e-01,
       3.33720181e-01, 3.43004513e-01, 3.43004513e-01, 3.53191489e-01,
       3.53191489e-01, 3.54480980e-01, 3.54480980e-01, 3.84526112e-01,
       3.84526112e-01, 3.87878788e-01, 3.87878788e-01, 3.92263056e-01,
       3.92263056e-01, 4.06060606e-01, 4.06060606e-01, 4.38942618e-01,
       4.38942618e-01, 4.71695680e-01, 4.71695680e-01, 4.89103804e-01,
       4.89103804e-01, 5.08833011e-01, 5.08833011e-01, 5.36041264e-01,
       5.36041264e-01, 6.55061251e-01, 6.55061251e-01, 6.60735010e-01,
       6.60735010e-01, 7.13990974e-01, 7.13990974e-01, 7.30496454e-01,
       7.30496454e-01, 7.59638943e-01, 7.59638943e-01, 8.13539652e-01,
       8.13539652e-01, 1.00000000e+00])}","{0: array([0.00000000e+00, 7.16845878e-04, 2.10752688e-01, 2.10752688e-01,
       2.16487455e-01, 2.16487455e-01, 2.35842294e-01, 2.35842294e-01,
       2.49462366e-01, 2.49462366e-01, 2.93189964e-01, 2.93189964e-01,
       3.10394265e-01, 3.10394265e-01, 3.23297491e-01, 3.23297491e-01,
       3.33333333e-01, 3.33333333e-01, 3.54121864e-01, 3.54121864e-01,
       3.62724014e-01, 3.62724014e-01, 3.74910394e-01, 3.74910394e-01,
       3.80645161e-01, 3.80645161e-01, 4.02867384e-01, 4.02867384e-01,
       4.08602151e-01, 4.08602151e-01, 4.20071685e-01, 4.20071685e-01,
       4.25806452e-01, 4.25806452e-01, 4.28673835e-01, 4.28673835e-01,
       4.29390681e-01, 4.29390681e-01, 4.34408602e-01, 4.34408602e-01,
       4.35125448e-01, 4.35125448e-01, 4.43727599e-01, 4.43727599e-01,
       4.45878136e-01, 4.45878136e-01, 4.48745520e-01, 4.48745520e-01,
       4.59498208e-01, 4.59498208e-01, 4.65232975e-01, 4.65232975e-01,
       4.75268817e-01, 4.75268817e-01, 4.75985663e-01, 4.75985663e-01,
       4.79569892e-01, 4.79569892e-01, 4.94623656e-01, 4.94623656e-01,
       5.00358423e-01, 5.00358423e-01, 5.05376344e-01, 5.05376344e-01,
       5.07526882e-01, 5.07526882e-01, 5.12544803e-01, 5.12544803e-01,
       5.25448029e-01, 5.25448029e-01, 5.29749104e-01, 5.29749104e-01,
       5.36200717e-01, 5.36200717e-01, 5.38351254e-01, 5.38351254e-01,
       5.44802867e-01, 5.44802867e-01, 5.47670251e-01, 5.47670251e-01,
       5.51254480e-01, 5.51254480e-01, 5.51971326e-01, 5.51971326e-01,
       5.52688172e-01, 5.52688172e-01, 5.57706093e-01, 5.57706093e-01,
       5.58422939e-01, 5.58422939e-01, 5.60573477e-01, 5.60573477e-01,
       5.68458781e-01, 5.68458781e-01, 5.71326165e-01, 5.71326165e-01,
       5.72043011e-01, 5.72043011e-01, 5.72759857e-01, 5.72759857e-01,
       5.79211470e-01, 5.79211470e-01, 5.84946237e-01, 5.84946237e-01,
       5.85663082e-01, 5.85663082e-01, 5.87096774e-01, 5.87096774e-01,
       5.87813620e-01, 5.87813620e-01, 5.88530466e-01, 5.88530466e-01,
       5.89964158e-01, 5.89964158e-01, 5.91397849e-01, 5.91397849e-01,
       5.94982079e-01, 5.94982079e-01, 6.10035842e-01, 6.10035842e-01,
       6.11469534e-01, 6.11469534e-01, 6.12903226e-01, 6.12903226e-01,
       6.17921147e-01, 6.17921147e-01, 6.22222222e-01, 6.22222222e-01,
       6.23655914e-01, 6.23655914e-01, 6.25089606e-01, 6.25089606e-01,
       6.30824373e-01, 6.30824373e-01, 6.32258065e-01, 6.32258065e-01,
       6.34408602e-01, 6.34408602e-01, 6.35125448e-01, 6.35125448e-01,
       6.37992832e-01, 6.37992832e-01, 6.40860215e-01, 6.40860215e-01,
       6.41577061e-01, 6.41577061e-01, 6.46594982e-01, 6.46594982e-01,
       6.47311828e-01, 6.47311828e-01, 6.48028674e-01, 6.48028674e-01,
       6.50896057e-01, 6.50896057e-01, 6.52329749e-01, 6.52329749e-01,
       6.53046595e-01, 6.53046595e-01, 6.53763441e-01, 6.53763441e-01,
       6.55913978e-01, 6.55913978e-01, 6.56630824e-01, 6.56630824e-01,
       6.64516129e-01, 6.64516129e-01, 6.66666667e-01, 6.66666667e-01,
       6.68817204e-01, 6.68817204e-01, 6.73118280e-01, 6.73118280e-01,
       6.75268817e-01, 6.75268817e-01, 6.75985663e-01, 6.75985663e-01,
       6.80286738e-01, 6.80286738e-01, 6.81003584e-01, 6.81003584e-01,
       6.83870968e-01, 6.83870968e-01, 6.86021505e-01, 6.86021505e-01,
       6.93189964e-01, 6.93189964e-01, 7.00358423e-01, 7.00358423e-01,
       7.02508961e-01, 7.02508961e-01, 7.03225806e-01, 7.03225806e-01,
       7.03942652e-01, 7.03942652e-01, 7.04659498e-01, 7.04659498e-01,
       7.07526882e-01, 7.07526882e-01, 7.08243728e-01, 7.08243728e-01,
       7.14695341e-01, 7.14695341e-01, 7.15412186e-01, 7.15412186e-01,
       7.16845878e-01, 7.16845878e-01, 7.18279570e-01, 7.18279570e-01,
       7.18996416e-01, 7.18996416e-01, 7.21863799e-01, 7.21863799e-01,
       7.23297491e-01, 7.23297491e-01, 7.25448029e-01, 7.25448029e-01,
       7.29032258e-01, 7.29032258e-01, 7.34050179e-01, 7.34050179e-01,
       7.36917563e-01, 7.36917563e-01, 7.38351254e-01, 7.38351254e-01,
       7.42652330e-01, 7.42652330e-01, 7.44086022e-01, 7.44086022e-01,
       7.47670251e-01, 7.47670251e-01, 7.48387097e-01, 7.48387097e-01,
       7.51254480e-01, 7.51254480e-01, 7.51971326e-01, 7.51971326e-01,
       7.54121864e-01, 7.54121864e-01, 7.55555556e-01, 7.55555556e-01,
       7.56989247e-01, 7.56989247e-01, 7.58422939e-01, 7.58422939e-01,
       7.59856631e-01, 7.59856631e-01, 7.61290323e-01, 7.61290323e-01,
       7.65591398e-01, 7.65591398e-01, 7.68458781e-01, 7.68458781e-01,
       7.69175627e-01, 7.69175627e-01, 7.69892473e-01, 7.69892473e-01,
       7.70609319e-01, 7.70609319e-01, 7.72759857e-01, 7.72759857e-01,
       7.73476703e-01, 7.73476703e-01, 7.74910394e-01, 7.74910394e-01,
       7.75627240e-01, 7.75627240e-01, 7.78494624e-01, 7.78494624e-01,
       7.79211470e-01, 7.79211470e-01, 7.80645161e-01, 7.80645161e-01,
       7.81362007e-01, 7.81362007e-01, 7.83512545e-01, 7.83512545e-01,
       7.85663082e-01, 7.85663082e-01, 7.86379928e-01, 7.86379928e-01,
       7.87813620e-01, 7.87813620e-01, 7.89247312e-01, 7.89247312e-01,
       7.92114695e-01, 7.92114695e-01, 7.92831541e-01, 7.92831541e-01,
       7.94265233e-01, 7.94265233e-01, 7.97132616e-01, 7.97132616e-01,
       7.97849462e-01, 7.97849462e-01, 8.04301075e-01, 8.04301075e-01,
       8.06451613e-01, 8.06451613e-01, 8.07168459e-01, 8.07168459e-01,
       8.10035842e-01, 8.10035842e-01, 8.10752688e-01, 8.10752688e-01,
       8.12903226e-01, 8.12903226e-01, 8.14336918e-01, 8.14336918e-01,
       8.15053763e-01, 8.15053763e-01, 8.16487455e-01, 8.16487455e-01,
       8.19354839e-01, 8.19354839e-01, 8.20071685e-01, 8.20071685e-01,
       8.21505376e-01, 8.21505376e-01, 8.22222222e-01, 8.22222222e-01,
       8.22939068e-01, 8.22939068e-01, 8.23655914e-01, 8.23655914e-01,
       8.24372760e-01, 8.24372760e-01, 8.28673835e-01, 8.28673835e-01,
       8.30107527e-01, 8.30107527e-01, 8.30824373e-01, 8.30824373e-01,
       8.31541219e-01, 8.31541219e-01, 8.32258065e-01, 8.32258065e-01,
       8.33691756e-01, 8.33691756e-01, 8.35842294e-01, 8.35842294e-01,
       8.36559140e-01, 8.36559140e-01, 8.37275986e-01, 8.37275986e-01,
       8.37992832e-01, 8.37992832e-01, 8.39426523e-01, 8.39426523e-01,
       8.40143369e-01, 8.40143369e-01, 8.43010753e-01, 8.43010753e-01,
       8.48028674e-01, 8.48028674e-01, 8.48745520e-01, 8.48745520e-01,
       8.50179211e-01, 8.50179211e-01, 8.51612903e-01, 8.51612903e-01,
       8.52329749e-01, 8.52329749e-01, 8.53046595e-01, 8.53046595e-01,
       8.53763441e-01, 8.53763441e-01, 8.54480287e-01, 8.54480287e-01,
       8.55197133e-01, 8.55197133e-01, 8.55913978e-01, 8.55913978e-01,
       8.56630824e-01, 8.56630824e-01, 8.57347670e-01, 8.57347670e-01,
       8.58064516e-01, 8.58064516e-01, 8.58781362e-01, 8.58781362e-01,
       8.59498208e-01, 8.59498208e-01, 8.62365591e-01, 8.62365591e-01,
       8.68100358e-01, 8.68100358e-01, 8.69534050e-01, 8.69534050e-01,
       8.70250896e-01, 8.70250896e-01, 8.71684588e-01, 8.71684588e-01,
       8.72401434e-01, 8.72401434e-01, 8.73118280e-01, 8.73118280e-01,
       8.73835125e-01, 8.73835125e-01, 8.74551971e-01, 8.74551971e-01,
       8.77419355e-01, 8.77419355e-01, 8.79569892e-01, 8.79569892e-01,
       8.80286738e-01, 8.80286738e-01, 8.81003584e-01, 8.81003584e-01,
       8.81720430e-01, 8.81720430e-01, 8.83154122e-01, 8.83154122e-01,
       8.84587814e-01, 8.84587814e-01, 8.85304659e-01, 8.85304659e-01,
       8.86738351e-01, 8.86738351e-01, 8.87455197e-01, 8.87455197e-01,
       8.88172043e-01, 8.88172043e-01, 8.88888889e-01, 8.88888889e-01,
       8.90322581e-01, 8.90322581e-01, 8.91039427e-01, 8.91039427e-01,
       8.91756272e-01, 8.91756272e-01, 8.92473118e-01, 8.92473118e-01,
       8.94623656e-01, 8.94623656e-01, 8.96057348e-01, 8.96057348e-01,
       8.97491039e-01, 8.97491039e-01, 8.98207885e-01, 8.98207885e-01,
       8.98924731e-01, 8.98924731e-01, 8.99641577e-01, 8.99641577e-01,
       9.00358423e-01, 9.00358423e-01, 9.02508961e-01, 9.02508961e-01,
       9.03225806e-01, 9.03225806e-01, 9.03942652e-01, 9.03942652e-01,
       9.04659498e-01, 9.04659498e-01, 9.05376344e-01, 9.05376344e-01,
       9.06810036e-01, 9.06810036e-01, 9.07526882e-01, 9.07526882e-01,
       9.08243728e-01, 9.08243728e-01, 9.09677419e-01, 9.09677419e-01,
       9.10394265e-01, 9.10394265e-01, 9.11111111e-01, 9.11111111e-01,
       9.12544803e-01, 9.12544803e-01, 9.13978495e-01, 9.13978495e-01,
       9.14695341e-01, 9.14695341e-01, 9.15412186e-01, 9.15412186e-01,
       9.16845878e-01, 9.16845878e-01, 9.18996416e-01, 9.18996416e-01,
       9.19713262e-01, 9.19713262e-01, 9.20430108e-01, 9.20430108e-01,
       9.21146953e-01, 9.21146953e-01, 9.21863799e-01, 9.21863799e-01,
       9.22580645e-01, 9.22580645e-01, 9.23297491e-01, 9.23297491e-01,
       9.24014337e-01, 9.24014337e-01, 9.24731183e-01, 9.24731183e-01,
       9.25448029e-01, 9.25448029e-01, 9.26164875e-01, 9.26164875e-01,
       9.26881720e-01, 9.26881720e-01, 9.27598566e-01, 9.27598566e-01,
       9.28315412e-01, 9.28315412e-01, 9.29749104e-01, 9.29749104e-01,
       9.30465950e-01, 9.30465950e-01, 9.31899642e-01, 9.31899642e-01,
       9.32616487e-01, 9.32616487e-01, 9.33333333e-01, 9.33333333e-01,
       9.35483871e-01, 9.35483871e-01, 9.36200717e-01, 9.36200717e-01,
       9.36917563e-01, 9.36917563e-01, 9.37634409e-01, 9.37634409e-01,
       9.38351254e-01, 9.38351254e-01, 9.39784946e-01, 9.39784946e-01,
       9.40501792e-01, 9.40501792e-01, 9.41218638e-01, 9.41218638e-01,
       9.41935484e-01, 9.41935484e-01, 9.43369176e-01, 9.43369176e-01,
       9.44086022e-01, 9.44086022e-01, 9.45519713e-01, 9.45519713e-01,
       9.46236559e-01, 9.46236559e-01, 9.46953405e-01, 9.46953405e-01,
       9.47670251e-01, 9.47670251e-01, 9.49103943e-01, 9.49103943e-01,
       9.49820789e-01, 9.49820789e-01, 9.50537634e-01, 9.50537634e-01,
       9.51254480e-01, 9.51254480e-01, 9.52688172e-01, 9.52688172e-01,
       9.53405018e-01, 9.53405018e-01, 9.54121864e-01, 9.54121864e-01,
       9.54838710e-01, 9.54838710e-01, 9.55555556e-01, 9.55555556e-01,
       9.56272401e-01, 9.56272401e-01, 9.56989247e-01, 9.56989247e-01,
       9.57706093e-01, 9.57706093e-01, 9.58422939e-01, 9.58422939e-01,
       9.59139785e-01, 9.59139785e-01, 9.59856631e-01, 9.59856631e-01,
       9.60573477e-01, 9.60573477e-01, 9.61290323e-01, 9.61290323e-01,
       9.62007168e-01, 9.62007168e-01, 9.62724014e-01, 9.62724014e-01,
       9.63440860e-01, 9.63440860e-01, 9.64157706e-01, 9.64157706e-01,
       9.64874552e-01, 9.64874552e-01, 9.65591398e-01, 9.65591398e-01,
       9.66308244e-01, 9.66308244e-01, 9.67025090e-01, 9.67025090e-01,
       9.67741935e-01, 9.67741935e-01, 9.68458781e-01, 9.68458781e-01,
       9.69175627e-01, 9.69175627e-01, 9.69892473e-01, 9.69892473e-01,
       9.70609319e-01, 9.70609319e-01, 9.71326165e-01, 9.71326165e-01,
       9.72043011e-01, 9.72043011e-01, 9.72759857e-01, 9.72759857e-01,
       9.73476703e-01, 9.73476703e-01, 9.74193548e-01, 9.74193548e-01,
       9.74910394e-01, 9.74910394e-01, 9.76344086e-01, 9.76344086e-01,
       9.77060932e-01, 9.77060932e-01, 9.77777778e-01, 9.77777778e-01,
       9.78494624e-01, 9.78494624e-01, 9.79211470e-01, 9.79211470e-01,
       9.79928315e-01, 9.79928315e-01, 9.80645161e-01, 9.80645161e-01,
       9.81362007e-01, 9.81362007e-01, 9.82078853e-01, 9.82078853e-01,
       9.82795699e-01, 9.82795699e-01, 9.83512545e-01, 9.83512545e-01,
       9.84229391e-01, 9.84229391e-01, 9.84946237e-01, 9.84946237e-01,
       9.85663082e-01, 9.85663082e-01, 9.86379928e-01, 9.86379928e-01,
       9.87096774e-01, 9.87096774e-01, 9.87813620e-01, 9.87813620e-01,
       9.88530466e-01, 9.88530466e-01, 9.89247312e-01, 9.89247312e-01,
       9.89964158e-01, 9.89964158e-01, 9.90681004e-01, 9.90681004e-01,
       9.91397849e-01, 9.91397849e-01, 9.92114695e-01, 9.92114695e-01,
       9.92831541e-01, 9.92831541e-01, 9.93548387e-01, 9.93548387e-01,
       9.94265233e-01, 9.94265233e-01, 9.94982079e-01, 9.94982079e-01,
       9.95698925e-01, 9.95698925e-01, 9.96415771e-01, 9.96415771e-01,
       9.97132616e-01, 9.97132616e-01, 9.97849462e-01, 9.97849462e-01,
       9.98566308e-01, 9.98566308e-01, 9.99283154e-01, 9.99283154e-01,
       9.99283154e-01, 9.99283154e-01, 1.00000000e+00, 1.00000000e+00]), 1: array([0.        , 0.00102354, 0.00818833, ..., 0.99897646, 1.        ,
       1.        ], shape=(1362,)), 2: array([0.00000000e+00, 2.50250250e-04, 1.02602603e-02, ...,
       9.99749750e-01, 1.00000000e+00, 1.00000000e+00], shape=(2002,)), 3: array([0.00000000e+00, 7.20980534e-04, 7.35400144e-02, 7.35400144e-02,
       1.49963951e-01, 1.49963951e-01, 1.91059841e-01, 1.91059841e-01,
       2.05479452e-01, 2.05479452e-01, 2.09805335e-01, 2.09805335e-01,
       2.32876712e-01, 2.32876712e-01, 2.37923576e-01, 2.37923576e-01,
       2.53064167e-01, 2.53064167e-01, 2.68204758e-01, 2.68204758e-01,
       2.80461428e-01, 2.80461428e-01, 3.10742610e-01, 3.10742610e-01,
       3.17231435e-01, 3.17231435e-01, 3.46070656e-01, 3.46070656e-01,
       3.48233598e-01, 3.48233598e-01, 3.66258111e-01, 3.66258111e-01,
       3.95818313e-01, 3.95818313e-01, 4.00865177e-01, 4.00865177e-01,
       4.21052632e-01, 4.21052632e-01, 4.35472242e-01, 4.35472242e-01,
       4.42682048e-01, 4.42682048e-01, 4.43403028e-01, 4.43403028e-01,
       4.44124009e-01, 4.44124009e-01, 4.48449892e-01, 4.48449892e-01,
       4.63590483e-01, 4.63590483e-01, 4.65753425e-01, 4.65753425e-01,
       4.67916366e-01, 4.67916366e-01, 4.70800288e-01, 4.70800288e-01,
       4.75126172e-01, 4.75126172e-01, 4.79452055e-01, 4.79452055e-01,
       4.82335977e-01, 4.82335977e-01, 4.85940880e-01, 4.85940880e-01,
       4.92429704e-01, 4.92429704e-01, 4.96034607e-01, 4.96034607e-01,
       5.03244412e-01, 5.03244412e-01, 5.08291276e-01, 5.08291276e-01,
       5.12617159e-01, 5.12617159e-01, 5.13338140e-01, 5.13338140e-01,
       5.18385004e-01, 5.18385004e-01, 5.24152848e-01, 5.24152848e-01,
       5.25594809e-01, 5.25594809e-01, 5.29199712e-01, 5.29199712e-01,
       5.31362653e-01, 5.31362653e-01, 5.33525595e-01, 5.33525595e-01,
       5.36409517e-01, 5.36409517e-01, 5.37130497e-01, 5.37130497e-01,
       5.43619322e-01, 5.43619322e-01, 5.45061283e-01, 5.45061283e-01,
       5.48666186e-01, 5.48666186e-01, 5.50829128e-01, 5.50829128e-01,
       5.51550108e-01, 5.51550108e-01, 5.54434030e-01, 5.54434030e-01,
       5.57317952e-01, 5.57317952e-01, 5.60201875e-01, 5.60201875e-01,
       5.62364816e-01, 5.62364816e-01, 5.63806777e-01, 5.63806777e-01,
       5.68853641e-01, 5.68853641e-01, 5.72458544e-01, 5.72458544e-01,
       5.73900505e-01, 5.73900505e-01, 5.76784427e-01, 5.76784427e-01,
       5.78226388e-01, 5.78226388e-01, 5.80389329e-01, 5.80389329e-01,
       5.81831291e-01, 5.81831291e-01, 5.83273252e-01, 5.83273252e-01,
       5.83994232e-01, 5.83994232e-01, 5.86878154e-01, 5.86878154e-01,
       5.87599135e-01, 5.87599135e-01, 5.88320115e-01, 5.88320115e-01,
       5.91204037e-01, 5.91204037e-01, 5.92645999e-01, 5.92645999e-01,
       5.95529921e-01, 5.95529921e-01, 6.02018745e-01, 6.02018745e-01,
       6.06344629e-01, 6.06344629e-01, 6.07786590e-01, 6.07786590e-01,
       6.09949531e-01, 6.09949531e-01, 6.12833453e-01, 6.12833453e-01,
       6.14275415e-01, 6.14275415e-01, 6.15717376e-01, 6.15717376e-01,
       6.17880317e-01, 6.17880317e-01, 6.18601298e-01, 6.18601298e-01,
       6.23648161e-01, 6.23648161e-01, 6.27253064e-01, 6.27253064e-01,
       6.29416006e-01, 6.29416006e-01, 6.30857967e-01, 6.30857967e-01,
       6.31578947e-01, 6.31578947e-01, 6.33020908e-01, 6.33020908e-01,
       6.33741889e-01, 6.33741889e-01, 6.34462870e-01, 6.34462870e-01,
       6.36625811e-01, 6.36625811e-01, 6.37346792e-01, 6.37346792e-01,
       6.38067772e-01, 6.38067772e-01, 6.40230714e-01, 6.40230714e-01,
       6.40951694e-01, 6.40951694e-01, 6.43114636e-01, 6.43114636e-01,
       6.51045422e-01, 6.51045422e-01, 6.51766402e-01, 6.51766402e-01,
       6.53208363e-01, 6.53208363e-01, 6.54650324e-01, 6.54650324e-01,
       6.56092286e-01, 6.56092286e-01, 6.57534247e-01, 6.57534247e-01,
       6.58976208e-01, 6.58976208e-01, 6.59697188e-01, 6.59697188e-01,
       6.61139149e-01, 6.61139149e-01, 6.63302091e-01, 6.63302091e-01,
       6.64023071e-01, 6.64023071e-01, 6.66186013e-01, 6.66186013e-01,
       6.70511896e-01, 6.70511896e-01, 6.72674838e-01, 6.72674838e-01,
       6.73395818e-01, 6.73395818e-01, 6.75558760e-01, 6.75558760e-01,
       6.79884643e-01, 6.79884643e-01, 6.82768565e-01, 6.82768565e-01,
       6.86373468e-01, 6.86373468e-01, 6.87094448e-01, 6.87094448e-01,
       6.88536410e-01, 6.88536410e-01, 6.89257390e-01, 6.89257390e-01,
       6.90699351e-01, 6.90699351e-01, 6.91420332e-01, 6.91420332e-01,
       6.92141312e-01, 6.92141312e-01, 6.92862293e-01, 6.92862293e-01,
       6.94304254e-01, 6.94304254e-01, 6.97188176e-01, 6.97188176e-01,
       6.98630137e-01, 6.98630137e-01, 7.00072098e-01, 7.00072098e-01,
       7.00793079e-01, 7.00793079e-01, 7.02956020e-01, 7.02956020e-01,
       7.05118962e-01, 7.05118962e-01, 7.05839942e-01, 7.05839942e-01,
       7.06560923e-01, 7.06560923e-01, 7.10886806e-01, 7.10886806e-01,
       7.12328767e-01, 7.12328767e-01, 7.14491709e-01, 7.14491709e-01,
       7.15933670e-01, 7.15933670e-01, 7.18096611e-01, 7.18096611e-01,
       7.19538572e-01, 7.19538572e-01, 7.20259553e-01, 7.20259553e-01,
       7.21701514e-01, 7.21701514e-01, 7.22422495e-01, 7.22422495e-01,
       7.23143475e-01, 7.23143475e-01, 7.24585436e-01, 7.24585436e-01,
       7.26027397e-01, 7.26027397e-01, 7.27469358e-01, 7.27469358e-01,
       7.30353280e-01, 7.30353280e-01, 7.31074261e-01, 7.31074261e-01,
       7.31795242e-01, 7.31795242e-01, 7.33237203e-01, 7.33237203e-01,
       7.33958183e-01, 7.33958183e-01, 7.37563086e-01, 7.37563086e-01,
       7.39726027e-01, 7.39726027e-01, 7.40447008e-01, 7.40447008e-01,
       7.41888969e-01, 7.41888969e-01, 7.42609950e-01, 7.42609950e-01,
       7.43330930e-01, 7.43330930e-01, 7.44051911e-01, 7.44051911e-01,
       7.45493872e-01, 7.45493872e-01, 7.46214852e-01, 7.46214852e-01,
       7.46935833e-01, 7.46935833e-01, 7.47656813e-01, 7.47656813e-01,
       7.48377794e-01, 7.48377794e-01, 7.49098774e-01, 7.49098774e-01,
       7.50540735e-01, 7.50540735e-01, 7.51261716e-01, 7.51261716e-01,
       7.52703677e-01, 7.52703677e-01, 7.54145638e-01, 7.54145638e-01,
       7.55587599e-01, 7.55587599e-01, 7.57029560e-01, 7.57029560e-01,
       7.57750541e-01, 7.57750541e-01, 7.58471521e-01, 7.58471521e-01,
       7.59913482e-01, 7.59913482e-01, 7.60634463e-01, 7.60634463e-01,
       7.64239366e-01, 7.64239366e-01, 7.66402307e-01, 7.66402307e-01,
       7.67123288e-01, 7.67123288e-01, 7.67844268e-01, 7.67844268e-01,
       7.69286229e-01, 7.69286229e-01, 7.70007210e-01, 7.70007210e-01,
       7.70728190e-01, 7.70728190e-01, 7.71449171e-01, 7.71449171e-01,
       7.72891132e-01, 7.72891132e-01, 7.74333093e-01, 7.74333093e-01,
       7.75775054e-01, 7.75775054e-01, 7.76496035e-01, 7.76496035e-01,
       7.80100937e-01, 7.80100937e-01, 7.80821918e-01, 7.80821918e-01,
       7.81542898e-01, 7.81542898e-01, 7.82263879e-01, 7.82263879e-01,
       7.82984859e-01, 7.82984859e-01, 7.83705840e-01, 7.83705840e-01,
       7.84426820e-01, 7.84426820e-01, 7.85147801e-01, 7.85147801e-01,
       7.88752704e-01, 7.88752704e-01, 7.89473684e-01, 7.89473684e-01,
       7.90194665e-01, 7.90194665e-01, 7.90915645e-01, 7.90915645e-01,
       7.91636626e-01, 7.91636626e-01, 7.94520548e-01, 7.94520548e-01,
       7.95241528e-01, 7.95241528e-01, 7.95962509e-01, 7.95962509e-01,
       7.98846431e-01, 7.98846431e-01, 8.00288392e-01, 8.00288392e-01,
       8.01009373e-01, 8.01009373e-01, 8.01730353e-01, 8.01730353e-01,
       8.03893295e-01, 8.03893295e-01, 8.04614275e-01, 8.04614275e-01,
       8.05335256e-01, 8.05335256e-01, 8.06056236e-01, 8.06056236e-01,
       8.06777217e-01, 8.06777217e-01, 8.07498198e-01, 8.07498198e-01,
       8.08219178e-01, 8.08219178e-01, 8.08940159e-01, 8.08940159e-01,
       8.09661139e-01, 8.09661139e-01, 8.10382120e-01, 8.10382120e-01,
       8.11103100e-01, 8.11103100e-01, 8.11824081e-01, 8.11824081e-01,
       8.12545061e-01, 8.12545061e-01, 8.14708003e-01, 8.14708003e-01,
       8.16149964e-01, 8.16149964e-01, 8.17591925e-01, 8.17591925e-01,
       8.19033886e-01, 8.19033886e-01, 8.19754867e-01, 8.19754867e-01,
       8.20475847e-01, 8.20475847e-01, 8.21196828e-01, 8.21196828e-01,
       8.21917808e-01, 8.21917808e-01, 8.22638789e-01, 8.22638789e-01,
       8.23359769e-01, 8.23359769e-01, 8.24080750e-01, 8.24080750e-01,
       8.24801730e-01, 8.24801730e-01, 8.25522711e-01, 8.25522711e-01,
       8.26243691e-01, 8.26243691e-01, 8.26964672e-01, 8.26964672e-01,
       8.27685652e-01, 8.27685652e-01, 8.28406633e-01, 8.28406633e-01,
       8.29127614e-01, 8.29127614e-01, 8.29848594e-01, 8.29848594e-01,
       8.31290555e-01, 8.31290555e-01, 8.32011536e-01, 8.32011536e-01,
       8.33453497e-01, 8.33453497e-01, 8.34895458e-01, 8.34895458e-01,
       8.35616438e-01, 8.35616438e-01, 8.36337419e-01, 8.36337419e-01,
       8.38500360e-01, 8.38500360e-01, 8.39942322e-01, 8.39942322e-01,
       8.40663302e-01, 8.40663302e-01, 8.41384283e-01, 8.41384283e-01,
       8.42105263e-01, 8.42105263e-01, 8.42826244e-01, 8.42826244e-01,
       8.43547224e-01, 8.43547224e-01, 8.44268205e-01, 8.44268205e-01,
       8.45710166e-01, 8.45710166e-01, 8.46431146e-01, 8.46431146e-01,
       8.47152127e-01, 8.47152127e-01, 8.47873107e-01, 8.47873107e-01,
       8.49315068e-01, 8.49315068e-01, 8.50036049e-01, 8.50036049e-01,
       8.50757030e-01, 8.50757030e-01, 8.51478010e-01, 8.51478010e-01,
       8.52198991e-01, 8.52198991e-01, 8.52919971e-01, 8.52919971e-01,
       8.53640952e-01, 8.53640952e-01, 8.54361932e-01, 8.54361932e-01,
       8.55082913e-01, 8.55082913e-01, 8.56524874e-01, 8.56524874e-01,
       8.57245854e-01, 8.57245854e-01, 8.57966835e-01, 8.57966835e-01,
       8.58687815e-01, 8.58687815e-01, 8.59408796e-01, 8.59408796e-01,
       8.60129776e-01, 8.60129776e-01, 8.60850757e-01, 8.60850757e-01,
       8.61571738e-01, 8.61571738e-01, 8.62292718e-01, 8.62292718e-01,
       8.63013699e-01, 8.63013699e-01, 8.64455660e-01, 8.64455660e-01,
       8.65176640e-01, 8.65176640e-01, 8.65897621e-01, 8.65897621e-01,
       8.66618601e-01, 8.66618601e-01, 8.67339582e-01, 8.67339582e-01,
       8.68060562e-01, 8.68060562e-01, 8.68781543e-01, 8.68781543e-01,
       8.69502523e-01, 8.69502523e-01, 8.70223504e-01, 8.70223504e-01,
       8.70944484e-01, 8.70944484e-01, 8.71665465e-01, 8.71665465e-01,
       8.72386446e-01, 8.72386446e-01, 8.73107426e-01, 8.73107426e-01,
       8.73828407e-01, 8.73828407e-01, 8.74549387e-01, 8.74549387e-01,
       8.75270368e-01, 8.75270368e-01, 8.75991348e-01, 8.75991348e-01,
       8.76712329e-01, 8.76712329e-01, 8.77433309e-01, 8.77433309e-01,
       8.78154290e-01, 8.78154290e-01, 8.78875270e-01, 8.78875270e-01,
       8.79596251e-01, 8.79596251e-01, 8.81038212e-01, 8.81038212e-01,
       8.81759193e-01, 8.81759193e-01, 8.82480173e-01, 8.82480173e-01,
       8.83201154e-01, 8.83201154e-01, 8.83922134e-01, 8.83922134e-01,
       8.84643115e-01, 8.84643115e-01, 8.85364095e-01, 8.85364095e-01,
       8.86085076e-01, 8.86085076e-01, 8.86806056e-01, 8.86806056e-01,
       8.87527037e-01, 8.87527037e-01, 8.88248017e-01, 8.88248017e-01,
       8.88968998e-01, 8.88968998e-01, 8.89689978e-01, 8.89689978e-01,
       8.90410959e-01, 8.90410959e-01, 8.91131939e-01, 8.91131939e-01,
       8.91852920e-01, 8.91852920e-01, 8.92573901e-01, 8.92573901e-01,
       8.93294881e-01, 8.93294881e-01, 8.94015862e-01, 8.94015862e-01,
       8.94736842e-01, 8.94736842e-01, 8.95457823e-01, 8.95457823e-01,
       8.96899784e-01, 8.96899784e-01, 8.98341745e-01, 8.98341745e-01,
       8.99062725e-01, 8.99062725e-01, 8.99783706e-01, 8.99783706e-01,
       9.00504686e-01, 9.00504686e-01, 9.01225667e-01, 9.01225667e-01,
       9.01946647e-01, 9.01946647e-01, 9.02667628e-01, 9.02667628e-01,
       9.03388609e-01, 9.03388609e-01, 9.04109589e-01, 9.04109589e-01,
       9.04830570e-01, 9.04830570e-01, 9.05551550e-01, 9.05551550e-01,
       9.06272531e-01, 9.06272531e-01, 9.06993511e-01, 9.06993511e-01,
       9.07714492e-01, 9.07714492e-01, 9.08435472e-01, 9.08435472e-01,
       9.09156453e-01, 9.09156453e-01, 9.09877433e-01, 9.09877433e-01,
       9.10598414e-01, 9.10598414e-01, 9.11319394e-01, 9.11319394e-01,
       9.12040375e-01, 9.12040375e-01, 9.12761355e-01, 9.12761355e-01,
       9.13482336e-01, 9.13482336e-01, 9.14203317e-01, 9.14203317e-01,
       9.14924297e-01, 9.14924297e-01, 9.15645278e-01, 9.15645278e-01,
       9.16366258e-01, 9.16366258e-01, 9.17087239e-01, 9.17087239e-01,
       9.17808219e-01, 9.17808219e-01, 9.18529200e-01, 9.18529200e-01,
       9.19250180e-01, 9.19250180e-01, 9.19971161e-01, 9.19971161e-01,
       9.20692141e-01, 9.20692141e-01, 9.21413122e-01, 9.21413122e-01,
       9.22134102e-01, 9.22134102e-01, 9.22855083e-01, 9.22855083e-01,
       9.23576063e-01, 9.23576063e-01, 9.24297044e-01, 9.24297044e-01,
       9.25018025e-01, 9.25018025e-01, 9.25739005e-01, 9.25739005e-01,
       9.26459986e-01, 9.26459986e-01, 9.27180966e-01, 9.27180966e-01,
       9.27901947e-01, 9.27901947e-01, 9.28622927e-01, 9.28622927e-01,
       9.29343908e-01, 9.29343908e-01, 9.30064888e-01, 9.30064888e-01,
       9.30785869e-01, 9.30785869e-01, 9.31506849e-01, 9.31506849e-01,
       9.32227830e-01, 9.32227830e-01, 9.32948810e-01, 9.32948810e-01,
       9.33669791e-01, 9.33669791e-01, 9.34390771e-01, 9.34390771e-01,
       9.35111752e-01, 9.35111752e-01, 9.35832733e-01, 9.35832733e-01,
       9.36553713e-01, 9.36553713e-01, 9.37274694e-01, 9.37274694e-01,
       9.37995674e-01, 9.37995674e-01, 9.39437635e-01, 9.39437635e-01,
       9.40158616e-01, 9.40158616e-01, 9.40879596e-01, 9.40879596e-01,
       9.41600577e-01, 9.41600577e-01, 9.42321557e-01, 9.42321557e-01,
       9.43042538e-01, 9.43042538e-01, 9.43763518e-01, 9.43763518e-01,
       9.44484499e-01, 9.44484499e-01, 9.45205479e-01, 9.45205479e-01,
       9.45926460e-01, 9.45926460e-01, 9.46647441e-01, 9.46647441e-01,
       9.47368421e-01, 9.47368421e-01, 9.48089402e-01, 9.48089402e-01,
       9.48810382e-01, 9.48810382e-01, 9.49531363e-01, 9.49531363e-01,
       9.50252343e-01, 9.50252343e-01, 9.50973324e-01, 9.50973324e-01,
       9.51694304e-01, 9.51694304e-01, 9.52415285e-01, 9.52415285e-01,
       9.53136265e-01, 9.53136265e-01, 9.53857246e-01, 9.53857246e-01,
       9.54578226e-01, 9.54578226e-01, 9.55299207e-01, 9.55299207e-01,
       9.56020187e-01, 9.56020187e-01, 9.56741168e-01, 9.56741168e-01,
       9.57462149e-01, 9.57462149e-01, 9.58183129e-01, 9.58183129e-01,
       9.58904110e-01, 9.58904110e-01, 9.59625090e-01, 9.59625090e-01,
       9.60346071e-01, 9.60346071e-01, 9.61067051e-01, 9.61067051e-01,
       9.61788032e-01, 9.61788032e-01, 9.62509012e-01, 9.62509012e-01,
       9.63229993e-01, 9.63229993e-01, 9.63950973e-01, 9.63950973e-01,
       9.64671954e-01, 9.64671954e-01, 9.65392934e-01, 9.65392934e-01,
       9.66113915e-01, 9.66113915e-01, 9.66834895e-01, 9.66834895e-01,
       9.67555876e-01, 9.67555876e-01, 9.68276857e-01, 9.68276857e-01,
       9.68997837e-01, 9.68997837e-01, 9.69718818e-01, 9.69718818e-01,
       9.70439798e-01, 9.70439798e-01, 9.71160779e-01, 9.71160779e-01,
       9.71881759e-01, 9.71881759e-01, 9.72602740e-01, 9.72602740e-01,
       9.73323720e-01, 9.73323720e-01, 9.74044701e-01, 9.74044701e-01,
       9.74765681e-01, 9.74765681e-01, 9.75486662e-01, 9.75486662e-01,
       9.76207642e-01, 9.76207642e-01, 9.76928623e-01, 9.76928623e-01,
       9.77649603e-01, 9.77649603e-01, 9.78370584e-01, 9.78370584e-01,
       9.79091565e-01, 9.79091565e-01, 9.79812545e-01, 9.79812545e-01,
       9.80533526e-01, 9.80533526e-01, 9.81254506e-01, 9.81254506e-01,
       9.81975487e-01, 9.81975487e-01, 9.82696467e-01, 9.82696467e-01,
       9.83417448e-01, 9.83417448e-01, 9.84138428e-01, 9.84138428e-01,
       9.84859409e-01, 9.84859409e-01, 9.85580389e-01, 9.85580389e-01,
       9.86301370e-01, 9.86301370e-01, 9.87022350e-01, 9.87022350e-01,
       9.87743331e-01, 9.87743331e-01, 9.88464311e-01, 9.88464311e-01,
       9.89185292e-01, 9.89185292e-01, 9.89906273e-01, 9.89906273e-01,
       9.90627253e-01, 9.90627253e-01, 9.91348234e-01, 9.91348234e-01,
       9.92069214e-01, 9.92069214e-01, 9.92790195e-01, 9.92790195e-01,
       9.93511175e-01, 9.93511175e-01, 9.94232156e-01, 9.94232156e-01,
       9.94953136e-01, 9.94953136e-01, 9.95674117e-01, 9.95674117e-01,
       9.96395097e-01, 9.96395097e-01, 9.97116078e-01, 9.97116078e-01,
       9.97837058e-01, 9.97837058e-01, 9.98558039e-01, 9.98558039e-01,
       9.99279019e-01, 9.99279019e-01, 1.00000000e+00, 1.00000000e+00]), 4: array([0.00000000e+00, 6.30914826e-04, 3.84858044e-02, 3.84858044e-02,
       5.48895899e-02, 5.48895899e-02, 1.23028391e-01, 1.23028391e-01,
       1.57728707e-01, 1.57728707e-01, 1.61514196e-01, 1.61514196e-01,
       1.63406940e-01, 1.63406940e-01, 1.79810726e-01, 1.79810726e-01,
       2.22082019e-01, 2.22082019e-01, 2.24605678e-01, 2.24605678e-01,
       2.30283912e-01, 2.30283912e-01, 2.34069401e-01, 2.34069401e-01,
       2.56782334e-01, 2.56782334e-01, 2.61198738e-01, 2.61198738e-01,
       2.76971609e-01, 2.76971609e-01, 2.80757098e-01, 2.80757098e-01,
       2.97160883e-01, 2.97160883e-01, 3.05993691e-01, 3.05993691e-01,
       3.07255521e-01, 3.07255521e-01, 3.12302839e-01, 3.12302839e-01,
       3.23028391e-01, 3.23028391e-01, 3.28075710e-01, 3.28075710e-01,
       3.43217666e-01, 3.43217666e-01, 3.48264984e-01, 3.48264984e-01,
       3.48895899e-01, 3.48895899e-01, 3.64668770e-01, 3.64668770e-01,
       3.71608833e-01, 3.71608833e-01, 3.93059937e-01, 3.93059937e-01,
       3.94952681e-01, 3.94952681e-01, 4.01261830e-01, 4.01261830e-01,
       4.05047319e-01, 4.05047319e-01, 4.09463722e-01, 4.09463722e-01,
       4.15772871e-01, 4.15772871e-01, 4.23343849e-01, 4.23343849e-01,
       4.27760252e-01, 4.27760252e-01, 4.30914826e-01, 4.30914826e-01,
       4.35331230e-01, 4.35331230e-01, 4.37854890e-01, 4.37854890e-01,
       4.38485804e-01, 4.38485804e-01, 4.39747634e-01, 4.39747634e-01,
       4.49842271e-01, 4.49842271e-01, 4.50473186e-01, 4.50473186e-01,
       4.54889590e-01, 4.54889590e-01, 4.59305994e-01, 4.59305994e-01,
       4.68138801e-01, 4.68138801e-01, 4.70662461e-01, 4.70662461e-01,
       4.71293375e-01, 4.71293375e-01, 4.78233438e-01, 4.78233438e-01,
       4.78864353e-01, 4.78864353e-01, 4.80126183e-01, 4.80126183e-01,
       4.83911672e-01, 4.83911672e-01, 4.86435331e-01, 4.86435331e-01,
       4.93375394e-01, 4.93375394e-01, 5.00946372e-01, 5.00946372e-01,
       5.04100946e-01, 5.04100946e-01, 5.06624606e-01, 5.06624606e-01,
       5.07886435e-01, 5.07886435e-01, 5.11671924e-01, 5.11671924e-01,
       5.20504732e-01, 5.20504732e-01, 5.26182965e-01, 5.26182965e-01,
       5.35646688e-01, 5.35646688e-01, 5.40063091e-01, 5.40063091e-01,
       5.52050473e-01, 5.52050473e-01, 5.55205047e-01, 5.55205047e-01,
       5.72239748e-01, 5.72239748e-01, 5.77287066e-01, 5.77287066e-01,
       5.79179811e-01, 5.79179811e-01, 5.88643533e-01, 5.88643533e-01,
       5.91167192e-01, 5.91167192e-01, 5.91798107e-01, 5.91798107e-01,
       5.95583596e-01, 5.95583596e-01, 5.96845426e-01, 5.96845426e-01,
       5.97476341e-01, 5.97476341e-01, 5.98738170e-01, 5.98738170e-01,
       6.03785489e-01, 6.03785489e-01, 6.05678233e-01, 6.05678233e-01,
       6.07570978e-01, 6.07570978e-01, 6.15141956e-01, 6.15141956e-01,
       6.16403785e-01, 6.16403785e-01, 6.30914826e-01, 6.30914826e-01,
       6.31545741e-01, 6.31545741e-01, 6.49211356e-01, 6.49211356e-01,
       6.51104101e-01, 6.51104101e-01, 6.59936909e-01, 6.59936909e-01,
       6.63722397e-01, 6.63722397e-01, 6.64353312e-01, 6.64353312e-01,
       6.76971609e-01, 6.76971609e-01, 6.78864353e-01, 6.78864353e-01,
       6.87066246e-01, 6.87066246e-01, 6.88328076e-01, 6.88328076e-01,
       6.89589905e-01, 6.89589905e-01, 6.90220820e-01, 6.90220820e-01,
       6.90851735e-01, 6.90851735e-01, 6.93375394e-01, 6.93375394e-01,
       6.94006309e-01, 6.94006309e-01, 6.95899054e-01, 6.95899054e-01,
       6.97160883e-01, 6.97160883e-01, 6.98422713e-01, 6.98422713e-01,
       6.99053628e-01, 6.99053628e-01, 7.02208202e-01, 7.02208202e-01,
       7.04100946e-01, 7.04100946e-01, 7.04731861e-01, 7.04731861e-01,
       7.06624606e-01, 7.06624606e-01, 7.08517350e-01, 7.08517350e-01,
       7.11041009e-01, 7.11041009e-01, 7.12302839e-01, 7.12302839e-01,
       7.15457413e-01, 7.15457413e-01, 7.16719243e-01, 7.16719243e-01,
       7.17350158e-01, 7.17350158e-01, 7.18611987e-01, 7.18611987e-01,
       7.20504732e-01, 7.20504732e-01, 7.22397476e-01, 7.22397476e-01,
       7.25552050e-01, 7.25552050e-01, 7.26182965e-01, 7.26182965e-01,
       7.28706625e-01, 7.28706625e-01, 7.29337539e-01, 7.29337539e-01,
       7.30599369e-01, 7.30599369e-01, 7.33753943e-01, 7.33753943e-01,
       7.35646688e-01, 7.35646688e-01, 7.36908517e-01, 7.36908517e-01,
       7.37539432e-01, 7.37539432e-01, 7.38801262e-01, 7.38801262e-01,
       7.41955836e-01, 7.41955836e-01, 7.44479495e-01, 7.44479495e-01,
       7.45741325e-01, 7.45741325e-01, 7.48895899e-01, 7.48895899e-01,
       7.49526814e-01, 7.49526814e-01, 7.50788644e-01, 7.50788644e-01,
       7.52681388e-01, 7.52681388e-01, 7.53943218e-01, 7.53943218e-01,
       7.55835962e-01, 7.55835962e-01, 7.58359621e-01, 7.58359621e-01,
       7.60252366e-01, 7.60252366e-01, 7.63406940e-01, 7.63406940e-01,
       7.64037855e-01, 7.64037855e-01, 7.67823344e-01, 7.67823344e-01,
       7.70977918e-01, 7.70977918e-01, 7.71608833e-01, 7.71608833e-01,
       7.73501577e-01, 7.73501577e-01, 7.74132492e-01, 7.74132492e-01,
       7.77917981e-01, 7.77917981e-01, 7.79179811e-01, 7.79179811e-01,
       7.81703470e-01, 7.81703470e-01, 7.83596215e-01, 7.83596215e-01,
       7.87381703e-01, 7.87381703e-01, 7.88012618e-01, 7.88012618e-01,
       7.89905363e-01, 7.89905363e-01, 7.91167192e-01, 7.91167192e-01,
       7.92429022e-01, 7.92429022e-01, 7.93690852e-01, 7.93690852e-01,
       7.94321767e-01, 7.94321767e-01, 7.95583596e-01, 7.95583596e-01,
       7.96214511e-01, 7.96214511e-01, 7.96845426e-01, 7.96845426e-01,
       8.00000000e-01, 8.00000000e-01, 8.00630915e-01, 8.00630915e-01,
       8.01261830e-01, 8.01261830e-01, 8.01892744e-01, 8.01892744e-01,
       8.03785489e-01, 8.03785489e-01, 8.06940063e-01, 8.06940063e-01,
       8.07570978e-01, 8.07570978e-01, 8.08201893e-01, 8.08201893e-01,
       8.09463722e-01, 8.09463722e-01, 8.10094637e-01, 8.10094637e-01,
       8.11987382e-01, 8.11987382e-01, 8.15141956e-01, 8.15141956e-01,
       8.18296530e-01, 8.18296530e-01, 8.18927445e-01, 8.18927445e-01,
       8.19558360e-01, 8.19558360e-01, 8.22712934e-01, 8.22712934e-01,
       8.23974763e-01, 8.23974763e-01, 8.24605678e-01, 8.24605678e-01,
       8.25236593e-01, 8.25236593e-01, 8.25867508e-01, 8.25867508e-01,
       8.26498423e-01, 8.26498423e-01, 8.27760252e-01, 8.27760252e-01,
       8.29652997e-01, 8.29652997e-01, 8.31545741e-01, 8.31545741e-01,
       8.32807571e-01, 8.32807571e-01, 8.34700315e-01, 8.34700315e-01,
       8.35331230e-01, 8.35331230e-01, 8.37223975e-01, 8.37223975e-01,
       8.39747634e-01, 8.39747634e-01, 8.40378549e-01, 8.40378549e-01,
       8.41640379e-01, 8.41640379e-01, 8.45425868e-01, 8.45425868e-01,
       8.47318612e-01, 8.47318612e-01, 8.49211356e-01, 8.49211356e-01,
       8.49842271e-01, 8.49842271e-01, 8.51735016e-01, 8.51735016e-01,
       8.52996845e-01, 8.52996845e-01, 8.53627760e-01, 8.53627760e-01,
       8.54258675e-01, 8.54258675e-01, 8.54889590e-01, 8.54889590e-01,
       8.55520505e-01, 8.55520505e-01, 8.58044164e-01, 8.58044164e-01,
       8.59305994e-01, 8.59305994e-01, 8.59936909e-01, 8.59936909e-01,
       8.61829653e-01, 8.61829653e-01, 8.62460568e-01, 8.62460568e-01,
       8.63091483e-01, 8.63091483e-01, 8.63722397e-01, 8.63722397e-01,
       8.64353312e-01, 8.64353312e-01, 8.66246057e-01, 8.66246057e-01,
       8.68769716e-01, 8.68769716e-01, 8.69400631e-01, 8.69400631e-01,
       8.70031546e-01, 8.70031546e-01, 8.70662461e-01, 8.70662461e-01,
       8.71293375e-01, 8.71293375e-01, 8.71924290e-01, 8.71924290e-01,
       8.72555205e-01, 8.72555205e-01, 8.73817035e-01, 8.73817035e-01,
       8.74447950e-01, 8.74447950e-01, 8.75078864e-01, 8.75078864e-01,
       8.75709779e-01, 8.75709779e-01, 8.76340694e-01, 8.76340694e-01,
       8.76971609e-01, 8.76971609e-01, 8.78864353e-01, 8.78864353e-01,
       8.80757098e-01, 8.80757098e-01, 8.81388013e-01, 8.81388013e-01,
       8.82018927e-01, 8.82018927e-01, 8.82649842e-01, 8.82649842e-01,
       8.83280757e-01, 8.83280757e-01, 8.83911672e-01, 8.83911672e-01,
       8.85173502e-01, 8.85173502e-01, 8.85804416e-01, 8.85804416e-01,
       8.87066246e-01, 8.87066246e-01, 8.87697161e-01, 8.87697161e-01,
       8.88328076e-01, 8.88328076e-01, 8.88958991e-01, 8.88958991e-01,
       8.89589905e-01, 8.89589905e-01, 8.90851735e-01, 8.90851735e-01,
       8.91482650e-01, 8.91482650e-01, 8.92113565e-01, 8.92113565e-01,
       8.92744479e-01, 8.92744479e-01, 8.93375394e-01, 8.93375394e-01,
       8.94006309e-01, 8.94006309e-01, 8.94637224e-01, 8.94637224e-01,
       8.95268139e-01, 8.95268139e-01, 8.96529968e-01, 8.96529968e-01,
       8.97791798e-01, 8.97791798e-01, 8.99053628e-01, 8.99053628e-01,
       8.99684543e-01, 8.99684543e-01, 9.00315457e-01, 9.00315457e-01,
       9.02208202e-01, 9.02208202e-01, 9.02839117e-01, 9.02839117e-01,
       9.03470032e-01, 9.03470032e-01, 9.04731861e-01, 9.04731861e-01,
       9.05362776e-01, 9.05362776e-01, 9.05993691e-01, 9.05993691e-01,
       9.06624606e-01, 9.06624606e-01, 9.08517350e-01, 9.08517350e-01,
       9.09148265e-01, 9.09148265e-01, 9.09779180e-01, 9.09779180e-01,
       9.10410095e-01, 9.10410095e-01, 9.11671924e-01, 9.11671924e-01,
       9.12302839e-01, 9.12302839e-01, 9.12933754e-01, 9.12933754e-01,
       9.13564669e-01, 9.13564669e-01, 9.14195584e-01, 9.14195584e-01,
       9.14826498e-01, 9.14826498e-01, 9.17981073e-01, 9.17981073e-01,
       9.18611987e-01, 9.18611987e-01, 9.19242902e-01, 9.19242902e-01,
       9.19873817e-01, 9.19873817e-01, 9.20504732e-01, 9.20504732e-01,
       9.21135647e-01, 9.21135647e-01, 9.22397476e-01, 9.22397476e-01,
       9.23028391e-01, 9.23028391e-01, 9.24290221e-01, 9.24290221e-01,
       9.24921136e-01, 9.24921136e-01, 9.25552050e-01, 9.25552050e-01,
       9.26182965e-01, 9.26182965e-01, 9.26813880e-01, 9.26813880e-01,
       9.28706625e-01, 9.28706625e-01, 9.29337539e-01, 9.29337539e-01,
       9.29968454e-01, 9.29968454e-01, 9.31230284e-01, 9.31230284e-01,
       9.31861199e-01, 9.31861199e-01, 9.32492114e-01, 9.32492114e-01,
       9.33123028e-01, 9.33123028e-01, 9.34384858e-01, 9.34384858e-01,
       9.35015773e-01, 9.35015773e-01, 9.35646688e-01, 9.35646688e-01,
       9.36277603e-01, 9.36277603e-01, 9.36908517e-01, 9.36908517e-01,
       9.37539432e-01, 9.37539432e-01, 9.38170347e-01, 9.38170347e-01,
       9.38801262e-01, 9.38801262e-01, 9.39432177e-01, 9.39432177e-01,
       9.40063091e-01, 9.40063091e-01, 9.41324921e-01, 9.41324921e-01,
       9.41955836e-01, 9.41955836e-01, 9.43217666e-01, 9.43217666e-01,
       9.43848580e-01, 9.43848580e-01, 9.44479495e-01, 9.44479495e-01,
       9.45110410e-01, 9.45110410e-01, 9.45741325e-01, 9.45741325e-01,
       9.46372240e-01, 9.46372240e-01, 9.47003155e-01, 9.47003155e-01,
       9.47634069e-01, 9.47634069e-01, 9.48264984e-01, 9.48264984e-01,
       9.48895899e-01, 9.48895899e-01, 9.49526814e-01, 9.49526814e-01,
       9.50157729e-01, 9.50157729e-01, 9.50788644e-01, 9.50788644e-01,
       9.51419558e-01, 9.51419558e-01, 9.52050473e-01, 9.52050473e-01,
       9.53312303e-01, 9.53312303e-01, 9.53943218e-01, 9.53943218e-01,
       9.54574132e-01, 9.54574132e-01, 9.55205047e-01, 9.55205047e-01,
       9.55835962e-01, 9.55835962e-01, 9.56466877e-01, 9.56466877e-01,
       9.57097792e-01, 9.57097792e-01, 9.57728707e-01, 9.57728707e-01,
       9.58359621e-01, 9.58359621e-01, 9.60252366e-01, 9.60252366e-01,
       9.60883281e-01, 9.60883281e-01, 9.61514196e-01, 9.61514196e-01,
       9.62145110e-01, 9.62145110e-01, 9.62776025e-01, 9.62776025e-01,
       9.63406940e-01, 9.63406940e-01, 9.64037855e-01, 9.64037855e-01,
       9.64668770e-01, 9.64668770e-01, 9.65299685e-01, 9.65299685e-01,
       9.65930599e-01, 9.65930599e-01, 9.66561514e-01, 9.66561514e-01,
       9.67192429e-01, 9.67192429e-01, 9.67823344e-01, 9.67823344e-01,
       9.68454259e-01, 9.68454259e-01, 9.69085174e-01, 9.69085174e-01,
       9.69716088e-01, 9.69716088e-01, 9.70347003e-01, 9.70347003e-01,
       9.70977918e-01, 9.70977918e-01, 9.71608833e-01, 9.71608833e-01,
       9.72239748e-01, 9.72239748e-01, 9.72870662e-01, 9.72870662e-01,
       9.73501577e-01, 9.73501577e-01, 9.74132492e-01, 9.74132492e-01,
       9.74763407e-01, 9.74763407e-01, 9.75394322e-01, 9.75394322e-01,
       9.76025237e-01, 9.76025237e-01, 9.76656151e-01, 9.76656151e-01,
       9.77287066e-01, 9.77287066e-01, 9.77917981e-01, 9.77917981e-01,
       9.78548896e-01, 9.78548896e-01, 9.79179811e-01, 9.79179811e-01,
       9.79810726e-01, 9.79810726e-01, 9.80441640e-01, 9.80441640e-01,
       9.81072555e-01, 9.81072555e-01, 9.81703470e-01, 9.81703470e-01,
       9.82334385e-01, 9.82334385e-01, 9.82965300e-01, 9.82965300e-01,
       9.83596215e-01, 9.83596215e-01, 9.84227129e-01, 9.84227129e-01,
       9.84858044e-01, 9.84858044e-01, 9.85488959e-01, 9.85488959e-01,
       9.86119874e-01, 9.86119874e-01, 9.86750789e-01, 9.86750789e-01,
       9.87381703e-01, 9.87381703e-01, 9.88012618e-01, 9.88012618e-01,
       9.88643533e-01, 9.88643533e-01, 9.89274448e-01, 9.89274448e-01,
       9.89905363e-01, 9.89905363e-01, 9.90536278e-01, 9.90536278e-01,
       9.91167192e-01, 9.91167192e-01, 9.91798107e-01, 9.91798107e-01,
       9.92429022e-01, 9.92429022e-01, 9.93059937e-01, 9.93059937e-01,
       9.93690852e-01, 9.93690852e-01, 9.94321767e-01, 9.94321767e-01,
       9.94952681e-01, 9.94952681e-01, 9.95583596e-01, 9.95583596e-01,
       9.96214511e-01, 9.96214511e-01, 9.96845426e-01, 9.96845426e-01,
       9.97476341e-01, 9.97476341e-01, 9.98107256e-01, 9.98107256e-01,
       9.98738170e-01, 9.98738170e-01, 9.99369085e-01, 9.99369085e-01,
       1.00000000e+00, 1.00000000e+00])}","{0: 0.9810743665568165, 1: 0.872868392004505, 2: 0.9267069043219867, 3: 0.9559094974975094, 4: 0.9739475702050372}"
ResNet,ANN,0.7735936369748736,0.0030272013051481,0.6953669520854765,0.0044284152851452,0.7794725719011302,0.7039819903110746,"[0.7727812814185175, 0.7708981159685385, 0.7794725719011302, 0.7729185727355902, 0.7718976428505916]","[0.6944013421686341, 0.6915681069066875, 0.7039819903110746, 0.6927142322987005, 0.6941690887422859]",./models/best_resnet_feature.keras,0.7819057815845825,0.6979022223540492,"{0: array([0.00000000e+00, 0.00000000e+00, 0.00000000e+00, 0.00000000e+00,
       0.00000000e+00, 0.00000000e+00, 0.00000000e+00, 0.00000000e+00,
       0.00000000e+00, 0.00000000e+00, 0.00000000e+00, 0.00000000e+00,
       0.00000000e+00, 0.00000000e+00, 0.00000000e+00, 0.00000000e+00,
       0.00000000e+00, 0.00000000e+00, 0.00000000e+00, 0.00000000e+00,
       0.00000000e+00, 0.00000000e+00, 0.00000000e+00, 0.00000000e+00,
       0.00000000e+00, 0.00000000e+00, 0.00000000e+00, 0.00000000e+00,
       0.00000000e+00, 0.00000000e+00, 0.00000000e+00, 0.00000000e+00,
       0.00000000e+00, 0.00000000e+00, 0.00000000e+00, 0.00000000e+00,
       1.25865324e-04, 1.25865324e-04, 2.51730648e-04, 2.51730648e-04,
       3.77595972e-04, 3.77595972e-04, 5.03461296e-04, 5.03461296e-04,
       6.29326621e-04, 6.29326621e-04, 7.55191945e-04, 7.55191945e-04,
       8.81057269e-04, 8.81057269e-04, 1.00692259e-03, 1.00692259e-03,
       1.13278792e-03, 1.13278792e-03, 1.25865324e-03, 1.25865324e-03,
       1.38451857e-03, 1.38451857e-03, 1.63624921e-03, 1.63624921e-03,
       1.76211454e-03, 1.76211454e-03, 1.88797986e-03, 1.88797986e-03,
       2.01384519e-03, 2.01384519e-03, 2.13971051e-03, 2.13971051e-03,
       2.26557583e-03, 2.26557583e-03, 2.39144116e-03, 2.39144116e-03,
       2.51730648e-03, 2.51730648e-03, 2.64317181e-03, 2.64317181e-03,
       2.76903713e-03, 2.76903713e-03, 3.02076778e-03, 3.02076778e-03,
       3.14663310e-03, 3.14663310e-03, 3.39836375e-03, 3.39836375e-03,
       3.52422907e-03, 3.52422907e-03, 3.65009440e-03, 3.65009440e-03,
       3.77595972e-03, 3.77595972e-03, 3.90182505e-03, 3.90182505e-03,
       4.02769037e-03, 4.02769037e-03, 4.15355570e-03, 4.15355570e-03,
       4.27942102e-03, 4.27942102e-03, 4.40528634e-03, 4.40528634e-03,
       4.53115167e-03, 4.53115167e-03, 4.65701699e-03, 4.65701699e-03,
       4.78288232e-03, 4.78288232e-03, 4.90874764e-03, 4.90874764e-03,
       5.03461296e-03, 5.03461296e-03, 5.16047829e-03, 5.16047829e-03,
       5.28634361e-03, 5.28634361e-03, 5.41220894e-03, 5.41220894e-03,
       5.53807426e-03, 5.53807426e-03, 5.66393958e-03, 5.66393958e-03,
       5.78980491e-03, 5.78980491e-03, 5.91567023e-03, 5.91567023e-03,
       6.04153556e-03, 6.04153556e-03, 6.16740088e-03, 6.16740088e-03,
       6.29326621e-03, 6.29326621e-03, 6.41913153e-03, 6.41913153e-03,
       6.54499685e-03, 6.54499685e-03, 6.79672750e-03, 6.79672750e-03,
       6.92259283e-03, 6.92259283e-03, 7.17432347e-03, 7.17432347e-03,
       7.30018880e-03, 7.30018880e-03, 7.42605412e-03, 7.42605412e-03,
       7.55191945e-03, 7.55191945e-03, 7.80365009e-03, 7.80365009e-03,
       8.30711139e-03, 8.30711139e-03, 8.43297671e-03, 8.43297671e-03,
       8.55884204e-03, 8.55884204e-03, 8.68470736e-03, 8.68470736e-03,
       9.06230334e-03, 9.06230334e-03, 9.18816866e-03, 9.18816866e-03,
       9.31403398e-03, 9.31403398e-03, 9.43989931e-03, 9.43989931e-03,
       9.56576463e-03, 9.56576463e-03, 9.69162996e-03, 9.69162996e-03,
       9.81749528e-03, 9.81749528e-03, 9.94336060e-03, 9.94336060e-03,
       1.00692259e-02, 1.00692259e-02, 1.01950913e-02, 1.01950913e-02,
       1.03209566e-02, 1.03209566e-02, 1.05726872e-02, 1.05726872e-02,
       1.10761485e-02, 1.10761485e-02, 1.12020138e-02, 1.12020138e-02,
       1.13278792e-02, 1.13278792e-02, 1.18313405e-02, 1.18313405e-02,
       1.20830711e-02, 1.20830711e-02, 1.22089364e-02, 1.22089364e-02,
       1.23348018e-02, 1.23348018e-02, 1.24606671e-02, 1.24606671e-02,
       1.25865324e-02, 1.25865324e-02, 1.27123977e-02, 1.27123977e-02,
       1.30899937e-02, 1.30899937e-02, 1.32158590e-02, 1.32158590e-02,
       1.35934550e-02, 1.35934550e-02, 1.37193203e-02, 1.37193203e-02,
       1.40969163e-02, 1.40969163e-02, 1.42227816e-02, 1.42227816e-02,
       1.43486469e-02, 1.43486469e-02, 1.44745123e-02, 1.44745123e-02,
       1.46003776e-02, 1.46003776e-02, 1.47262429e-02, 1.47262429e-02,
       1.48521082e-02, 1.48521082e-02, 1.49779736e-02, 1.49779736e-02,
       1.52297042e-02, 1.52297042e-02, 1.53555695e-02, 1.53555695e-02,
       1.56073002e-02, 1.56073002e-02, 1.57331655e-02, 1.57331655e-02,
       1.58590308e-02, 1.58590308e-02, 1.61107615e-02, 1.61107615e-02,
       1.62366268e-02, 1.62366268e-02, 1.63624921e-02, 1.63624921e-02,
       1.64883575e-02, 1.64883575e-02, 1.66142228e-02, 1.66142228e-02,
       1.72435494e-02, 1.72435494e-02, 1.74952801e-02, 1.74952801e-02,
       1.76211454e-02, 1.76211454e-02, 1.77470107e-02, 1.77470107e-02,
       1.78728760e-02, 1.78728760e-02, 1.81246067e-02, 1.81246067e-02,
       1.85022026e-02, 1.85022026e-02, 1.92573946e-02, 1.92573946e-02,
       1.93832599e-02, 1.93832599e-02, 1.95091252e-02, 1.95091252e-02,
       1.96349906e-02, 1.96349906e-02, 1.97608559e-02, 1.97608559e-02,
       1.98867212e-02, 1.98867212e-02, 2.01384519e-02, 2.01384519e-02,
       2.02643172e-02, 2.02643172e-02, 2.03901825e-02, 2.03901825e-02,
       2.07677785e-02, 2.07677785e-02, 2.10195091e-02, 2.10195091e-02,
       2.11453744e-02, 2.11453744e-02, 2.12712398e-02, 2.12712398e-02,
       2.13971051e-02, 2.13971051e-02, 2.15229704e-02, 2.15229704e-02,
       2.16488357e-02, 2.16488357e-02, 2.17747011e-02, 2.17747011e-02,
       2.19005664e-02, 2.19005664e-02, 2.21522970e-02, 2.21522970e-02,
       2.22781624e-02, 2.22781624e-02, 2.25298930e-02, 2.25298930e-02,
       2.27816237e-02, 2.27816237e-02, 2.31592196e-02, 2.31592196e-02,
       2.32850850e-02, 2.32850850e-02, 2.34109503e-02, 2.34109503e-02,
       2.35368156e-02, 2.35368156e-02, 2.36626809e-02, 2.36626809e-02,
       2.39144116e-02, 2.39144116e-02, 2.44178729e-02, 2.44178729e-02,
       2.45437382e-02, 2.45437382e-02, 2.47954688e-02, 2.47954688e-02,
       2.49213342e-02, 2.49213342e-02, 2.50471995e-02, 2.50471995e-02,
       2.52989301e-02, 2.52989301e-02, 2.56765261e-02, 2.56765261e-02,
       2.58023914e-02, 2.58023914e-02, 2.60541221e-02, 2.60541221e-02,
       2.61799874e-02, 2.61799874e-02, 2.63058527e-02, 2.63058527e-02,
       2.64317181e-02, 2.64317181e-02, 2.65575834e-02, 2.65575834e-02,
       2.66834487e-02, 2.66834487e-02, 2.68093140e-02, 2.68093140e-02,
       2.69351794e-02, 2.69351794e-02, 2.70610447e-02, 2.70610447e-02,
       2.71869100e-02, 2.71869100e-02, 2.73127753e-02, 2.73127753e-02,
       2.75645060e-02, 2.75645060e-02, 2.79421020e-02, 2.79421020e-02,
       2.80679673e-02, 2.80679673e-02, 2.81938326e-02, 2.81938326e-02,
       2.93266205e-02, 2.93266205e-02, 2.94524858e-02, 2.94524858e-02,
       2.97042165e-02, 2.97042165e-02, 3.04594084e-02, 3.04594084e-02,
       3.05852738e-02, 3.05852738e-02, 3.08370044e-02, 3.08370044e-02,
       3.10887351e-02, 3.10887351e-02, 3.14663310e-02, 3.14663310e-02,
       3.17180617e-02, 3.17180617e-02, 3.20956576e-02, 3.20956576e-02,
       3.22215230e-02, 3.22215230e-02, 3.23473883e-02, 3.23473883e-02,
       3.24732536e-02, 3.24732536e-02, 3.29767149e-02, 3.29767149e-02,
       3.31025802e-02, 3.31025802e-02, 3.32284456e-02, 3.32284456e-02,
       3.33543109e-02, 3.33543109e-02, 3.41095028e-02, 3.41095028e-02,
       3.44870988e-02, 3.44870988e-02, 3.47388295e-02, 3.47388295e-02,
       3.49905601e-02, 3.49905601e-02, 3.53681561e-02, 3.53681561e-02,
       3.54940214e-02, 3.54940214e-02, 3.56198867e-02, 3.56198867e-02,
       3.59974827e-02, 3.59974827e-02, 3.63750787e-02, 3.63750787e-02,
       3.66268093e-02, 3.66268093e-02, 3.67526746e-02, 3.67526746e-02,
       3.68785400e-02, 3.68785400e-02, 3.71302706e-02, 3.71302706e-02,
       3.75078666e-02, 3.75078666e-02, 3.77595972e-02, 3.77595972e-02,
       3.78854626e-02, 3.78854626e-02, 3.82630585e-02, 3.82630585e-02,
       3.87665198e-02, 3.87665198e-02, 3.92699811e-02, 3.92699811e-02,
       3.93958464e-02, 3.93958464e-02, 3.95217118e-02, 3.95217118e-02,
       4.01510384e-02, 4.01510384e-02, 4.05286344e-02, 4.05286344e-02,
       4.09062303e-02, 4.09062303e-02, 4.11579610e-02, 4.11579610e-02,
       4.12838263e-02, 4.12838263e-02, 4.22907489e-02, 4.22907489e-02,
       4.25424795e-02, 4.25424795e-02, 4.29200755e-02, 4.29200755e-02,
       4.31718062e-02, 4.31718062e-02, 4.35494021e-02, 4.35494021e-02,
       4.36752675e-02, 4.36752675e-02, 4.38011328e-02, 4.38011328e-02,
       4.48080554e-02, 4.48080554e-02, 4.49339207e-02, 4.49339207e-02,
       4.50597860e-02, 4.50597860e-02, 4.55632473e-02, 4.55632473e-02,
       4.58149780e-02, 4.58149780e-02, 4.63184393e-02, 4.63184393e-02,
       4.64443046e-02, 4.64443046e-02, 4.65701699e-02, 4.65701699e-02,
       4.66960352e-02, 4.66960352e-02, 4.82064191e-02, 4.82064191e-02,
       4.83322845e-02, 4.83322845e-02, 4.84581498e-02, 4.84581498e-02,
       4.85840151e-02, 4.85840151e-02, 4.87098804e-02, 4.87098804e-02,
       4.88357458e-02, 4.88357458e-02, 4.89616111e-02, 4.89616111e-02,
       4.93392070e-02, 4.93392070e-02, 4.94650724e-02, 4.94650724e-02,
       4.97168030e-02, 4.97168030e-02, 4.98426683e-02, 4.98426683e-02,
       5.00943990e-02, 5.00943990e-02, 5.09754563e-02, 5.09754563e-02,
       5.11013216e-02, 5.11013216e-02, 5.13530522e-02, 5.13530522e-02,
       5.16047829e-02, 5.16047829e-02, 5.17306482e-02, 5.17306482e-02,
       5.19823789e-02, 5.19823789e-02, 5.22341095e-02, 5.22341095e-02,
       5.24858402e-02, 5.24858402e-02, 5.26117055e-02, 5.26117055e-02,
       5.34927627e-02, 5.34927627e-02, 5.42479547e-02, 5.42479547e-02,
       5.43738200e-02, 5.43738200e-02, 5.47514160e-02, 5.47514160e-02,
       5.50031466e-02, 5.50031466e-02, 5.61359346e-02, 5.61359346e-02,
       5.62617999e-02, 5.62617999e-02, 5.66393958e-02, 5.66393958e-02,
       5.70169918e-02, 5.70169918e-02, 5.71428571e-02, 5.71428571e-02,
       5.80239144e-02, 5.80239144e-02, 5.85273757e-02, 5.85273757e-02,
       5.96601636e-02, 5.96601636e-02, 5.97860289e-02, 5.97860289e-02,
       5.99118943e-02, 5.99118943e-02, 6.02894902e-02, 6.02894902e-02,
       6.09188169e-02, 6.09188169e-02, 6.11705475e-02, 6.11705475e-02,
       6.14222782e-02, 6.14222782e-02, 6.17998741e-02, 6.17998741e-02,
       6.20516048e-02, 6.20516048e-02, 6.23033354e-02, 6.23033354e-02,
       6.26809314e-02, 6.26809314e-02, 6.31843927e-02, 6.31843927e-02,
       6.35619887e-02, 6.35619887e-02, 6.45689113e-02, 6.45689113e-02,
       6.54499685e-02, 6.54499685e-02, 6.57016992e-02, 6.57016992e-02,
       6.64568911e-02, 6.64568911e-02, 6.74638137e-02, 6.74638137e-02,
       6.83448710e-02, 6.83448710e-02, 6.88483323e-02, 6.88483323e-02,
       7.09880428e-02, 7.09880428e-02, 7.11139081e-02, 7.11139081e-02,
       7.16173694e-02, 7.16173694e-02, 7.18691001e-02, 7.18691001e-02,
       7.27501573e-02, 7.27501573e-02, 7.32536186e-02, 7.32536186e-02,
       7.37570799e-02, 7.37570799e-02, 7.40088106e-02, 7.40088106e-02,
       7.45122719e-02, 7.45122719e-02, 7.48898678e-02, 7.48898678e-02,
       7.62743864e-02, 7.62743864e-02, 7.65261171e-02, 7.65261171e-02,
       7.75330396e-02, 7.75330396e-02, 7.84140969e-02, 7.84140969e-02,
       7.85399622e-02, 7.85399622e-02, 7.90434235e-02, 7.90434235e-02,
       8.06796728e-02, 8.06796728e-02, 8.08055381e-02, 8.08055381e-02,
       8.09314034e-02, 8.09314034e-02, 8.14348647e-02, 8.14348647e-02,
       8.20641913e-02, 8.20641913e-02, 8.28193833e-02, 8.28193833e-02,
       8.35745752e-02, 8.35745752e-02, 8.44556325e-02, 8.44556325e-02,
       8.50849591e-02, 8.50849591e-02, 8.60918817e-02, 8.60918817e-02,
       8.63436123e-02, 8.63436123e-02, 8.88609188e-02, 8.88609188e-02,
       8.89867841e-02, 8.89867841e-02, 8.93643801e-02, 8.93643801e-02,
       9.03713027e-02, 9.03713027e-02, 9.13782253e-02, 9.13782253e-02,
       9.21334172e-02, 9.21334172e-02, 9.23851479e-02, 9.23851479e-02,
       9.25110132e-02, 9.25110132e-02, 9.31403398e-02, 9.31403398e-02,
       9.41472624e-02, 9.41472624e-02, 9.56576463e-02, 9.56576463e-02,
       9.57835116e-02, 9.57835116e-02, 9.62869729e-02, 9.62869729e-02,
       9.99370673e-02, 9.99370673e-02, 1.00188798e-01, 1.00188798e-01,
       1.01573317e-01, 1.01573317e-01, 1.03838892e-01, 1.03838892e-01,
       1.04594084e-01, 1.04594084e-01, 1.04719950e-01, 1.04719950e-01,
       1.06104468e-01, 1.06104468e-01, 1.10006293e-01, 1.10006293e-01,
       1.10761485e-01, 1.10761485e-01, 1.13278792e-01, 1.13278792e-01,
       1.14789176e-01, 1.14789176e-01, 1.18942731e-01, 1.18942731e-01,
       1.20075519e-01, 1.20075519e-01, 1.28634361e-01, 1.28634361e-01,
       1.28886092e-01, 1.28886092e-01, 1.33794840e-01, 1.33794840e-01,
       1.36312146e-01, 1.36312146e-01, 1.49653870e-01, 1.49653870e-01,
       1.51164254e-01, 1.51164254e-01, 1.51919446e-01, 1.51919446e-01,
       1.55191945e-01, 1.55191945e-01, 1.56828194e-01, 1.56828194e-01,
       1.59723096e-01, 1.59723096e-01, 1.63876652e-01, 1.63876652e-01,
       1.69540592e-01, 1.69540592e-01, 1.71932033e-01, 1.71932033e-01,
       1.73064821e-01, 1.73064821e-01, 1.73568282e-01, 1.73568282e-01,
       1.75707992e-01, 1.75707992e-01, 1.75959723e-01, 1.75959723e-01,
       1.76589050e-01, 1.76589050e-01, 1.81623663e-01, 1.81623663e-01,
       1.83637508e-01, 1.83637508e-01, 1.92322215e-01, 1.92322215e-01,
       1.95217118e-01, 1.95217118e-01, 2.00000000e-01, 2.00000000e-01,
       2.00125865e-01, 2.00125865e-01, 2.21522970e-01, 2.21522970e-01,
       2.22152297e-01, 2.22152297e-01, 2.39269981e-01, 2.39269981e-01,
       2.48080554e-01, 2.48080554e-01, 2.71994965e-01, 2.71994965e-01,
       2.72876023e-01, 2.72876023e-01, 3.00062933e-01, 3.00062933e-01,
       3.27879169e-01, 3.27879169e-01, 3.33794840e-01, 3.33794840e-01,
       4.08810573e-01, 4.08810573e-01, 4.12964128e-01, 4.12964128e-01,
       4.23410950e-01, 4.23410950e-01, 4.65953430e-01, 4.65953430e-01,
       5.31277533e-01, 5.31277533e-01, 5.38577722e-01, 5.38577722e-01,
       5.73190686e-01, 5.73442417e-01, 8.97293896e-01, 8.97545626e-01,
       1.00000000e+00]), 1: array([0.        , 0.        , 0.        , ..., 0.72270716, 0.72270716,
       1.        ], shape=(1322,)), 2: array([0.        , 0.        , 0.        , ..., 0.91972305, 0.91972305,
       1.        ], shape=(1964,)), 3: array([0.00000000e+00, 0.00000000e+00, 0.00000000e+00, 0.00000000e+00,
       0.00000000e+00, 1.25738715e-04, 1.25738715e-04, 2.51477430e-04,
       2.51477430e-04, 3.77216145e-04, 3.77216145e-04, 5.02954860e-04,
       5.02954860e-04, 6.28693575e-04, 6.28693575e-04, 7.54432290e-04,
       7.54432290e-04, 8.80171005e-04, 8.80171005e-04, 1.00590972e-03,
       1.00590972e-03, 1.13164843e-03, 1.13164843e-03, 1.25738715e-03,
       1.25738715e-03, 1.38312586e-03, 1.38312586e-03, 1.50886458e-03,
       1.50886458e-03, 1.63460329e-03, 1.63460329e-03, 1.76034201e-03,
       1.76034201e-03, 1.88608072e-03, 1.88608072e-03, 2.01181944e-03,
       2.01181944e-03, 2.13755815e-03, 2.13755815e-03, 2.26329687e-03,
       2.26329687e-03, 2.38903558e-03, 2.38903558e-03, 2.51477430e-03,
       2.51477430e-03, 2.64051301e-03, 2.64051301e-03, 2.76625173e-03,
       2.76625173e-03, 2.89199044e-03, 2.89199044e-03, 3.01772916e-03,
       3.01772916e-03, 3.14346787e-03, 3.14346787e-03, 3.26920659e-03,
       3.26920659e-03, 3.39494530e-03, 3.39494530e-03, 3.52068402e-03,
       3.52068402e-03, 3.64642273e-03, 3.64642273e-03, 3.77216145e-03,
       3.77216145e-03, 3.89790016e-03, 3.89790016e-03, 4.14937759e-03,
       4.14937759e-03, 4.27511631e-03, 4.27511631e-03, 4.40085502e-03,
       4.40085502e-03, 4.52659374e-03, 4.52659374e-03, 4.65233245e-03,
       4.65233245e-03, 4.77807117e-03, 4.77807117e-03, 4.90380988e-03,
       4.90380988e-03, 5.02954860e-03, 5.02954860e-03, 5.15528731e-03,
       5.15528731e-03, 5.28102603e-03, 5.28102603e-03, 5.40676474e-03,
       5.40676474e-03, 5.53250346e-03, 5.53250346e-03, 5.65824217e-03,
       5.65824217e-03, 5.78398089e-03, 5.78398089e-03, 5.90971960e-03,
       5.90971960e-03, 6.03545832e-03, 6.03545832e-03, 6.28693575e-03,
       6.28693575e-03, 6.53841318e-03, 6.53841318e-03, 6.78989061e-03,
       6.78989061e-03, 6.91562932e-03, 6.91562932e-03, 7.16710675e-03,
       7.16710675e-03, 7.29284547e-03, 7.29284547e-03, 7.41858418e-03,
       7.41858418e-03, 7.54432290e-03, 7.54432290e-03, 7.67006161e-03,
       7.67006161e-03, 7.79580033e-03, 7.79580033e-03, 7.92153904e-03,
       7.92153904e-03, 8.04727776e-03, 8.04727776e-03, 8.29875519e-03,
       8.29875519e-03, 8.42449390e-03, 8.42449390e-03, 8.55023262e-03,
       8.55023262e-03, 8.67597133e-03, 8.67597133e-03, 8.92744876e-03,
       8.92744876e-03, 9.17892619e-03, 9.17892619e-03, 9.43040362e-03,
       9.43040362e-03, 9.55614234e-03, 9.55614234e-03, 9.68188105e-03,
       9.68188105e-03, 9.80761977e-03, 9.80761977e-03, 9.93335848e-03,
       9.93335848e-03, 1.00590972e-02, 1.00590972e-02, 1.01848359e-02,
       1.01848359e-02, 1.06877908e-02, 1.06877908e-02, 1.08135295e-02,
       1.08135295e-02, 1.09392682e-02, 1.09392682e-02, 1.10650069e-02,
       1.10650069e-02, 1.13164843e-02, 1.13164843e-02, 1.14422231e-02,
       1.14422231e-02, 1.16937005e-02, 1.16937005e-02, 1.18194392e-02,
       1.18194392e-02, 1.19451779e-02, 1.19451779e-02, 1.20709166e-02,
       1.20709166e-02, 1.21966554e-02, 1.21966554e-02, 1.23223941e-02,
       1.23223941e-02, 1.24481328e-02, 1.24481328e-02, 1.28253489e-02,
       1.28253489e-02, 1.29510876e-02, 1.29510876e-02, 1.30768264e-02,
       1.30768264e-02, 1.32025651e-02, 1.32025651e-02, 1.34540425e-02,
       1.34540425e-02, 1.35797812e-02, 1.35797812e-02, 1.37055199e-02,
       1.37055199e-02, 1.38312586e-02, 1.38312586e-02, 1.39569974e-02,
       1.39569974e-02, 1.43342135e-02, 1.43342135e-02, 1.44599522e-02,
       1.44599522e-02, 1.47114296e-02, 1.47114296e-02, 1.48371684e-02,
       1.48371684e-02, 1.49629071e-02, 1.49629071e-02, 1.50886458e-02,
       1.50886458e-02, 1.52143845e-02, 1.52143845e-02, 1.53401232e-02,
       1.53401232e-02, 1.54658619e-02, 1.54658619e-02, 1.55916007e-02,
       1.55916007e-02, 1.57173394e-02, 1.57173394e-02, 1.58430781e-02,
       1.58430781e-02, 1.63460329e-02, 1.63460329e-02, 1.64717717e-02,
       1.64717717e-02, 1.65975104e-02, 1.65975104e-02, 1.68489878e-02,
       1.68489878e-02, 1.72262039e-02, 1.72262039e-02, 1.73519427e-02,
       1.73519427e-02, 1.74776814e-02, 1.74776814e-02, 1.76034201e-02,
       1.76034201e-02, 1.78548975e-02, 1.78548975e-02, 1.83578524e-02,
       1.83578524e-02, 1.84835911e-02, 1.84835911e-02, 1.87350685e-02,
       1.87350685e-02, 1.92380234e-02, 1.92380234e-02, 1.93637621e-02,
       1.93637621e-02, 1.99924557e-02, 1.99924557e-02, 2.03696718e-02,
       2.03696718e-02, 2.06211493e-02, 2.06211493e-02, 2.09983654e-02,
       2.09983654e-02, 2.12498428e-02, 2.12498428e-02, 2.15013203e-02,
       2.15013203e-02, 2.16270590e-02, 2.16270590e-02, 2.17527977e-02,
       2.17527977e-02, 2.22557525e-02, 2.22557525e-02, 2.26329687e-02,
       2.26329687e-02, 2.30101848e-02, 2.30101848e-02, 2.31359236e-02,
       2.31359236e-02, 2.33874010e-02, 2.33874010e-02, 2.35131397e-02,
       2.35131397e-02, 2.36388784e-02, 2.36388784e-02, 2.37646171e-02,
       2.37646171e-02, 2.38903558e-02, 2.38903558e-02, 2.40160946e-02,
       2.40160946e-02, 2.42675720e-02, 2.42675720e-02, 2.45190494e-02,
       2.45190494e-02, 2.48962656e-02, 2.48962656e-02, 2.51477430e-02,
       2.51477430e-02, 2.55249591e-02, 2.55249591e-02, 2.56506978e-02,
       2.56506978e-02, 2.57764366e-02, 2.57764366e-02, 2.59021753e-02,
       2.59021753e-02, 2.60279140e-02, 2.60279140e-02, 2.62793914e-02,
       2.62793914e-02, 2.65308689e-02, 2.65308689e-02, 2.66566076e-02,
       2.66566076e-02, 2.67823463e-02, 2.67823463e-02, 2.70338237e-02,
       2.70338237e-02, 2.71595624e-02, 2.71595624e-02, 2.72853011e-02,
       2.72853011e-02, 2.74110399e-02, 2.74110399e-02, 2.79139947e-02,
       2.79139947e-02, 2.80397334e-02, 2.80397334e-02, 2.87941657e-02,
       2.87941657e-02, 2.89199044e-02, 2.89199044e-02, 2.91713819e-02,
       2.91713819e-02, 2.92971206e-02, 2.92971206e-02, 2.94228593e-02,
       2.94228593e-02, 2.99258142e-02, 2.99258142e-02, 3.01772916e-02,
       3.01772916e-02, 3.03030303e-02, 3.03030303e-02, 3.04287690e-02,
       3.04287690e-02, 3.06802464e-02, 3.06802464e-02, 3.08059852e-02,
       3.08059852e-02, 3.14346787e-02, 3.14346787e-02, 3.16861562e-02,
       3.16861562e-02, 3.18118949e-02, 3.18118949e-02, 3.19376336e-02,
       3.19376336e-02, 3.21891110e-02, 3.21891110e-02, 3.24405885e-02,
       3.24405885e-02, 3.25663272e-02, 3.25663272e-02, 3.26920659e-02,
       3.26920659e-02, 3.28178046e-02, 3.28178046e-02, 3.29435433e-02,
       3.29435433e-02, 3.31950207e-02, 3.31950207e-02, 3.34464982e-02,
       3.34464982e-02, 3.36979756e-02, 3.36979756e-02, 3.45781466e-02,
       3.45781466e-02, 3.48296240e-02, 3.48296240e-02, 3.49553628e-02,
       3.49553628e-02, 3.64642273e-02, 3.64642273e-02, 3.65899661e-02,
       3.65899661e-02, 3.73443983e-02, 3.73443983e-02, 3.75958758e-02,
       3.75958758e-02, 3.77216145e-02, 3.77216145e-02, 3.78473532e-02,
       3.78473532e-02, 3.80988306e-02, 3.80988306e-02, 3.82245693e-02,
       3.82245693e-02, 3.93562178e-02, 3.93562178e-02, 3.94819565e-02,
       3.94819565e-02, 3.97334339e-02, 3.97334339e-02, 4.01106501e-02,
       4.01106501e-02, 4.02363888e-02, 4.02363888e-02, 4.03621275e-02,
       4.03621275e-02, 4.12422985e-02, 4.12422985e-02, 4.31283792e-02,
       4.31283792e-02, 4.33798567e-02, 4.33798567e-02, 4.36313341e-02,
       4.36313341e-02, 4.40085502e-02, 4.40085502e-02, 4.43857664e-02,
       4.43857664e-02, 4.46372438e-02, 4.46372438e-02, 4.47629825e-02,
       4.47629825e-02, 4.56431535e-02, 4.56431535e-02, 4.57688922e-02,
       4.57688922e-02, 4.61461084e-02, 4.61461084e-02, 4.62718471e-02,
       4.62718471e-02, 4.63975858e-02, 4.63975858e-02, 4.65233245e-02,
       4.65233245e-02, 4.69005407e-02, 4.69005407e-02, 4.70262794e-02,
       4.70262794e-02, 4.72777568e-02, 4.72777568e-02, 4.74034955e-02,
       4.74034955e-02, 4.76549730e-02, 4.76549730e-02, 4.80321891e-02,
       4.80321891e-02, 4.84094053e-02, 4.84094053e-02, 4.91638375e-02,
       4.91638375e-02, 5.01697473e-02, 5.01697473e-02, 5.16786118e-02,
       5.16786118e-02, 5.23073054e-02, 5.23073054e-02, 5.29359990e-02,
       5.29359990e-02, 5.45706023e-02, 5.45706023e-02, 5.62052056e-02,
       5.62052056e-02, 5.72111153e-02, 5.72111153e-02, 5.75883314e-02,
       5.75883314e-02, 5.84685025e-02, 5.84685025e-02, 5.87199799e-02,
       5.87199799e-02, 5.96001509e-02, 5.96001509e-02, 6.11090155e-02,
       6.11090155e-02, 6.12347542e-02, 6.12347542e-02, 6.23664026e-02,
       6.23664026e-02, 6.28693575e-02, 6.28693575e-02, 6.33723123e-02,
       6.33723123e-02, 6.43782221e-02, 6.43782221e-02, 6.48811769e-02,
       6.48811769e-02, 6.68929964e-02, 6.68929964e-02, 6.72702125e-02,
       6.72702125e-02, 6.94077707e-02, 6.94077707e-02, 6.95335094e-02,
       6.95335094e-02, 6.96592481e-02, 6.96592481e-02, 7.01622029e-02,
       7.01622029e-02, 7.11681127e-02, 7.11681127e-02, 7.26769772e-02,
       7.26769772e-02, 7.29284547e-02, 7.29284547e-02, 7.30541934e-02,
       7.30541934e-02, 7.39343644e-02, 7.39343644e-02, 7.44373193e-02,
       7.44373193e-02, 7.56947064e-02, 7.56947064e-02, 7.58204451e-02,
       7.58204451e-02, 7.60719225e-02, 7.60719225e-02, 7.68263548e-02,
       7.68263548e-02, 7.73293097e-02, 7.73293097e-02, 7.75807871e-02,
       7.75807871e-02, 7.80837420e-02, 7.80837420e-02, 7.84609581e-02,
       7.84609581e-02, 7.87124356e-02, 7.87124356e-02, 7.94668678e-02,
       7.94668678e-02, 7.95926066e-02, 7.95926066e-02, 7.99698227e-02,
       7.99698227e-02, 8.04727776e-02, 8.04727776e-02, 8.22331196e-02,
       8.22331196e-02, 8.26103357e-02, 8.26103357e-02, 8.27360744e-02,
       8.27360744e-02, 8.29875519e-02, 8.29875519e-02, 8.41192003e-02,
       8.41192003e-02, 8.42449390e-02, 8.42449390e-02, 8.47478939e-02,
       8.47478939e-02, 8.53765875e-02, 8.53765875e-02, 8.71369295e-02,
       8.71369295e-02, 8.77656230e-02, 8.77656230e-02, 8.83943166e-02,
       8.83943166e-02, 8.96517038e-02, 8.96517038e-02, 9.21664781e-02,
       9.21664781e-02, 9.22922168e-02, 9.22922168e-02, 9.44297749e-02,
       9.44297749e-02, 9.45555136e-02, 9.45555136e-02, 9.48069911e-02,
       9.48069911e-02, 9.50584685e-02, 9.50584685e-02, 9.55614234e-02,
       9.55614234e-02, 9.73217654e-02, 9.73217654e-02, 9.79504589e-02,
       9.79504589e-02, 9.80761977e-02, 9.80761977e-02, 9.95850622e-02,
       9.95850622e-02, 1.00213756e-01, 1.00213756e-01, 1.01848359e-01,
       1.01848359e-01, 1.04111656e-01, 1.04111656e-01, 1.04991827e-01,
       1.04991827e-01, 1.05243304e-01, 1.05243304e-01, 1.05494782e-01,
       1.05494782e-01, 1.05997737e-01, 1.05997737e-01, 1.08512511e-01,
       1.08512511e-01, 1.09141205e-01, 1.09141205e-01, 1.09769898e-01,
       1.09769898e-01, 1.10650069e-01, 1.10650069e-01, 1.10775808e-01,
       1.10775808e-01, 1.12033195e-01, 1.12033195e-01, 1.12913366e-01,
       1.12913366e-01, 1.13164843e-01, 1.13164843e-01, 1.14296492e-01,
       1.14296492e-01, 1.14925185e-01, 1.14925185e-01, 1.16811266e-01,
       1.16811266e-01, 1.18445869e-01, 1.18445869e-01, 1.19828995e-01,
       1.19828995e-01, 1.20583428e-01, 1.20583428e-01, 1.23098202e-01,
       1.23098202e-01, 1.23601157e-01, 1.23601157e-01, 1.24229850e-01,
       1.24229850e-01, 1.24607067e-01, 1.24607067e-01, 1.26115931e-01,
       1.26115931e-01, 1.31019741e-01, 1.31019741e-01, 1.31396957e-01,
       1.31396957e-01, 1.32025651e-01, 1.32025651e-01, 1.32277128e-01,
       1.32277128e-01, 1.34037470e-01, 1.34037470e-01, 1.35294857e-01,
       1.35294857e-01, 1.35420596e-01, 1.35420596e-01, 1.36175028e-01,
       1.36175028e-01, 1.38186848e-01, 1.38186848e-01, 1.39569974e-01,
       1.39569974e-01, 1.39695712e-01, 1.39695712e-01, 1.40072928e-01,
       1.40072928e-01, 1.42336225e-01, 1.42336225e-01, 1.44976738e-01,
       1.44976738e-01, 1.49880548e-01, 1.49880548e-01, 1.51137935e-01,
       1.51137935e-01, 1.53401232e-01, 1.53401232e-01, 1.53652710e-01,
       1.53652710e-01, 1.53904187e-01, 1.53904187e-01, 1.55161574e-01,
       1.55161574e-01, 1.57550610e-01, 1.57550610e-01, 1.58053565e-01,
       1.58053565e-01, 1.59562429e-01, 1.59562429e-01, 1.60694078e-01,
       1.60694078e-01, 1.61197033e-01, 1.61197033e-01, 1.65597888e-01,
       1.65597888e-01, 1.66603797e-01, 1.66603797e-01, 1.69621526e-01,
       1.69621526e-01, 1.78674714e-01, 1.78674714e-01, 1.78800453e-01,
       1.78800453e-01, 1.79932101e-01, 1.79932101e-01, 1.81566704e-01,
       1.81566704e-01, 1.86721992e-01, 1.86721992e-01, 1.87099208e-01,
       1.87099208e-01, 1.94140576e-01, 1.94140576e-01, 1.94266315e-01,
       1.94266315e-01, 1.94769269e-01, 1.94769269e-01, 1.96655350e-01,
       1.96655350e-01, 1.97409782e-01, 1.97409782e-01, 2.00553250e-01,
       2.00553250e-01, 2.03445241e-01, 2.03445241e-01, 2.04828367e-01,
       2.04828367e-01, 2.06462970e-01, 2.06462970e-01, 2.06588709e-01,
       2.06588709e-01, 2.10738086e-01, 2.10738086e-01, 2.13378599e-01,
       2.13378599e-01, 2.19288319e-01, 2.19288319e-01, 2.27964290e-01,
       2.27964290e-01, 2.33496794e-01, 2.33496794e-01, 2.34754181e-01,
       2.34754181e-01, 2.39783729e-01, 2.39783729e-01, 2.40789639e-01,
       2.40789639e-01, 2.41041117e-01, 2.41041117e-01, 2.41292594e-01,
       2.41292594e-01, 2.47579530e-01, 2.47579530e-01, 2.50345781e-01,
       2.50345781e-01, 2.53992204e-01, 2.53992204e-01, 2.60530617e-01,
       2.60530617e-01, 2.63171130e-01, 2.63171130e-01, 2.64051301e-01,
       2.64051301e-01, 2.66188860e-01, 2.66188860e-01, 2.74361876e-01,
       2.74361876e-01, 2.76876650e-01, 2.76876650e-01, 2.77002389e-01,
       2.77002389e-01, 2.81780460e-01, 2.81780460e-01, 2.87690180e-01,
       2.87690180e-01, 2.88318873e-01, 2.88318873e-01, 2.89199044e-01,
       2.89199044e-01, 3.21765372e-01, 3.21765372e-01, 3.39117314e-01,
       3.39117314e-01, 3.39243053e-01, 3.39243053e-01, 3.41506350e-01,
       3.41506350e-01, 3.43895385e-01, 3.43895385e-01, 3.45781466e-01,
       3.45781466e-01, 3.55966302e-01, 3.55966302e-01, 3.57475167e-01,
       3.57475167e-01, 3.57978121e-01, 3.57978121e-01, 3.84634729e-01,
       3.84634729e-01, 3.90670187e-01, 3.90670187e-01, 3.94190871e-01,
       3.94190871e-01, 4.08273607e-01, 4.08273607e-01, 4.10536904e-01,
       4.10536904e-01, 4.37319251e-01, 4.37319251e-01, 4.60958129e-01,
       4.60958129e-01, 4.64604552e-01, 4.64604552e-01, 4.67622281e-01,
       4.67622281e-01, 4.67748020e-01, 4.67748020e-01, 4.72526091e-01,
       4.72526091e-01, 4.77555639e-01, 4.77555639e-01, 4.86608827e-01,
       4.86608827e-01, 4.88872124e-01, 4.88872124e-01, 4.89500817e-01,
       4.89500817e-01, 5.03709292e-01, 5.03709292e-01, 5.05469634e-01,
       5.05469634e-01, 5.27599648e-01, 5.27599648e-01, 5.31120332e-01,
       5.31120332e-01, 5.33132151e-01, 5.33132151e-01, 5.38035961e-01,
       5.38035961e-01, 5.55136427e-01, 5.55136427e-01, 5.57399723e-01,
       5.57399723e-01, 5.64315353e-01, 5.64315353e-01, 5.65447001e-01,
       5.65447001e-01, 5.75003143e-01, 5.75003143e-01, 5.75506098e-01,
       5.75506098e-01, 5.77895134e-01, 5.77895134e-01, 5.95121338e-01,
       5.95121338e-01, 5.97133157e-01, 5.97133157e-01, 5.98013328e-01,
       5.98013328e-01, 6.01534012e-01, 6.01534012e-01, 6.44285175e-01,
       6.44285175e-01, 6.59876776e-01, 6.59876776e-01, 6.60379731e-01,
       6.60379731e-01, 6.65660757e-01, 6.65660757e-01, 7.13567207e-01,
       7.13567207e-01, 7.13944423e-01, 7.13944423e-01, 7.34314095e-01,
       7.34314095e-01, 1.00000000e+00]), 4: array([0.00000000e+00, 0.00000000e+00, 0.00000000e+00, 0.00000000e+00,
       0.00000000e+00, 1.28949065e-04, 1.28949065e-04, 2.57898130e-04,
       2.57898130e-04, 5.15796260e-04, 5.15796260e-04, 6.44745326e-04,
       6.44745326e-04, 9.02643456e-04, 9.02643456e-04, 1.03159252e-03,
       1.03159252e-03, 1.16054159e-03, 1.16054159e-03, 1.28949065e-03,
       1.28949065e-03, 1.41843972e-03, 1.41843972e-03, 1.67633785e-03,
       1.67633785e-03, 1.80528691e-03, 1.80528691e-03, 1.93423598e-03,
       1.93423598e-03, 2.06318504e-03, 2.06318504e-03, 2.19213411e-03,
       2.19213411e-03, 2.32108317e-03, 2.32108317e-03, 2.45003224e-03,
       2.45003224e-03, 2.57898130e-03, 2.57898130e-03, 2.70793037e-03,
       2.70793037e-03, 2.83687943e-03, 2.83687943e-03, 2.96582850e-03,
       2.96582850e-03, 3.09477756e-03, 3.09477756e-03, 3.35267569e-03,
       3.35267569e-03, 3.48162476e-03, 3.48162476e-03, 3.61057382e-03,
       3.61057382e-03, 3.73952289e-03, 3.73952289e-03, 3.86847195e-03,
       3.86847195e-03, 3.99742102e-03, 3.99742102e-03, 4.12637008e-03,
       4.12637008e-03, 4.25531915e-03, 4.25531915e-03, 4.38426821e-03,
       4.38426821e-03, 4.51321728e-03, 4.51321728e-03, 4.64216634e-03,
       4.64216634e-03, 4.77111541e-03, 4.77111541e-03, 5.02901354e-03,
       5.02901354e-03, 5.15796260e-03, 5.15796260e-03, 5.28691167e-03,
       5.28691167e-03, 5.41586074e-03, 5.41586074e-03, 5.54480980e-03,
       5.54480980e-03, 5.67375887e-03, 5.67375887e-03, 5.80270793e-03,
       5.80270793e-03, 6.06060606e-03, 6.06060606e-03, 6.18955513e-03,
       6.18955513e-03, 6.31850419e-03, 6.31850419e-03, 6.44745326e-03,
       6.44745326e-03, 6.57640232e-03, 6.57640232e-03, 6.70535139e-03,
       6.70535139e-03, 6.83430045e-03, 6.83430045e-03, 6.96324952e-03,
       6.96324952e-03, 7.09219858e-03, 7.09219858e-03, 7.22114765e-03,
       7.22114765e-03, 7.47904578e-03, 7.47904578e-03, 7.60799484e-03,
       7.60799484e-03, 7.73694391e-03, 7.73694391e-03, 7.99484204e-03,
       7.99484204e-03, 8.12379110e-03, 8.12379110e-03, 8.25274017e-03,
       8.25274017e-03, 8.38168923e-03, 8.38168923e-03, 8.51063830e-03,
       8.51063830e-03, 8.63958736e-03, 8.63958736e-03, 8.76853643e-03,
       8.76853643e-03, 8.89748549e-03, 8.89748549e-03, 9.02643456e-03,
       9.02643456e-03, 9.15538362e-03, 9.15538362e-03, 9.28433269e-03,
       9.28433269e-03, 9.41328175e-03, 9.41328175e-03, 9.54223082e-03,
       9.54223082e-03, 9.80012895e-03, 9.80012895e-03, 9.92907801e-03,
       9.92907801e-03, 1.00580271e-02, 1.00580271e-02, 1.01869761e-02,
       1.01869761e-02, 1.03159252e-02, 1.03159252e-02, 1.04448743e-02,
       1.04448743e-02, 1.05738233e-02, 1.05738233e-02, 1.08317215e-02,
       1.08317215e-02, 1.09606705e-02, 1.09606705e-02, 1.10896196e-02,
       1.10896196e-02, 1.12185687e-02, 1.12185687e-02, 1.13475177e-02,
       1.13475177e-02, 1.14764668e-02, 1.14764668e-02, 1.16054159e-02,
       1.16054159e-02, 1.17343649e-02, 1.17343649e-02, 1.18633140e-02,
       1.18633140e-02, 1.19922631e-02, 1.19922631e-02, 1.21212121e-02,
       1.21212121e-02, 1.22501612e-02, 1.22501612e-02, 1.23791103e-02,
       1.23791103e-02, 1.25080593e-02, 1.25080593e-02, 1.26370084e-02,
       1.26370084e-02, 1.27659574e-02, 1.27659574e-02, 1.28949065e-02,
       1.28949065e-02, 1.31528046e-02, 1.31528046e-02, 1.32817537e-02,
       1.32817537e-02, 1.34107028e-02, 1.34107028e-02, 1.40554481e-02,
       1.40554481e-02, 1.41843972e-02, 1.41843972e-02, 1.43133462e-02,
       1.43133462e-02, 1.44422953e-02, 1.44422953e-02, 1.45712444e-02,
       1.45712444e-02, 1.47001934e-02, 1.47001934e-02, 1.48291425e-02,
       1.48291425e-02, 1.49580916e-02, 1.49580916e-02, 1.50870406e-02,
       1.50870406e-02, 1.52159897e-02, 1.52159897e-02, 1.53449387e-02,
       1.53449387e-02, 1.54738878e-02, 1.54738878e-02, 1.56028369e-02,
       1.56028369e-02, 1.57317859e-02, 1.57317859e-02, 1.58607350e-02,
       1.58607350e-02, 1.59896841e-02, 1.59896841e-02, 1.62475822e-02,
       1.62475822e-02, 1.63765313e-02, 1.63765313e-02, 1.65054803e-02,
       1.65054803e-02, 1.66344294e-02, 1.66344294e-02, 1.67633785e-02,
       1.67633785e-02, 1.68923275e-02, 1.68923275e-02, 1.72791747e-02,
       1.72791747e-02, 1.74081238e-02, 1.74081238e-02, 1.75370729e-02,
       1.75370729e-02, 1.77949710e-02, 1.77949710e-02, 1.80528691e-02,
       1.80528691e-02, 1.81818182e-02, 1.81818182e-02, 1.83107672e-02,
       1.83107672e-02, 1.84397163e-02, 1.84397163e-02, 1.88265635e-02,
       1.88265635e-02, 1.90844616e-02, 1.90844616e-02, 1.92134107e-02,
       1.92134107e-02, 1.93423598e-02, 1.93423598e-02, 1.94713088e-02,
       1.94713088e-02, 1.96002579e-02, 1.96002579e-02, 1.97292070e-02,
       1.97292070e-02, 1.98581560e-02, 1.98581560e-02, 2.01160542e-02,
       2.01160542e-02, 2.02450032e-02, 2.02450032e-02, 2.03739523e-02,
       2.03739523e-02, 2.05029014e-02, 2.05029014e-02, 2.08897485e-02,
       2.08897485e-02, 2.10186976e-02, 2.10186976e-02, 2.14055448e-02,
       2.14055448e-02, 2.15344939e-02, 2.15344939e-02, 2.16634429e-02,
       2.16634429e-02, 2.17923920e-02, 2.17923920e-02, 2.21792392e-02,
       2.21792392e-02, 2.25660864e-02, 2.25660864e-02, 2.26950355e-02,
       2.26950355e-02, 2.28239845e-02, 2.28239845e-02, 2.29529336e-02,
       2.29529336e-02, 2.30818827e-02, 2.30818827e-02, 2.32108317e-02,
       2.32108317e-02, 2.33397808e-02, 2.33397808e-02, 2.35976789e-02,
       2.35976789e-02, 2.37266280e-02, 2.37266280e-02, 2.38555770e-02,
       2.38555770e-02, 2.39845261e-02, 2.39845261e-02, 2.41134752e-02,
       2.41134752e-02, 2.42424242e-02, 2.42424242e-02, 2.45003224e-02,
       2.45003224e-02, 2.46292714e-02, 2.46292714e-02, 2.47582205e-02,
       2.47582205e-02, 2.50161186e-02, 2.50161186e-02, 2.54029658e-02,
       2.54029658e-02, 2.56608640e-02, 2.56608640e-02, 2.60477112e-02,
       2.60477112e-02, 2.61766602e-02, 2.61766602e-02, 2.63056093e-02,
       2.63056093e-02, 2.68214055e-02, 2.68214055e-02, 2.69503546e-02,
       2.69503546e-02, 2.70793037e-02, 2.70793037e-02, 2.72082527e-02,
       2.72082527e-02, 2.74661509e-02, 2.74661509e-02, 2.75950999e-02,
       2.75950999e-02, 2.77240490e-02, 2.77240490e-02, 2.78529981e-02,
       2.78529981e-02, 2.79819471e-02, 2.79819471e-02, 2.81108962e-02,
       2.81108962e-02, 2.83687943e-02, 2.83687943e-02, 2.86266925e-02,
       2.86266925e-02, 2.87556415e-02, 2.87556415e-02, 2.94003868e-02,
       2.94003868e-02, 2.96582850e-02, 2.96582850e-02, 2.99161831e-02,
       2.99161831e-02, 3.03030303e-02, 3.03030303e-02, 3.04319794e-02,
       3.04319794e-02, 3.05609284e-02, 3.05609284e-02, 3.09477756e-02,
       3.09477756e-02, 3.10767247e-02, 3.10767247e-02, 3.12056738e-02,
       3.12056738e-02, 3.17214700e-02, 3.17214700e-02, 3.23662153e-02,
       3.23662153e-02, 3.27530625e-02, 3.27530625e-02, 3.28820116e-02,
       3.28820116e-02, 3.30109607e-02, 3.30109607e-02, 3.32688588e-02,
       3.32688588e-02, 3.37846551e-02, 3.37846551e-02, 3.39136041e-02,
       3.39136041e-02, 3.41715023e-02, 3.41715023e-02, 3.43004513e-02,
       3.43004513e-02, 3.44294004e-02, 3.44294004e-02, 3.45583495e-02,
       3.45583495e-02, 3.46872985e-02, 3.46872985e-02, 3.48162476e-02,
       3.48162476e-02, 3.52030948e-02, 3.52030948e-02, 3.54609929e-02,
       3.54609929e-02, 3.57188910e-02, 3.57188910e-02, 3.64925854e-02,
       3.64925854e-02, 3.66215345e-02, 3.66215345e-02, 3.67504836e-02,
       3.67504836e-02, 3.68794326e-02, 3.68794326e-02, 3.71373308e-02,
       3.71373308e-02, 3.75241779e-02, 3.75241779e-02, 3.80399742e-02,
       3.80399742e-02, 3.81689233e-02, 3.81689233e-02, 3.82978723e-02,
       3.82978723e-02, 3.86847195e-02, 3.86847195e-02, 3.89426177e-02,
       3.89426177e-02, 3.90715667e-02, 3.90715667e-02, 3.92005158e-02,
       3.92005158e-02, 3.99742102e-02, 3.99742102e-02, 4.06189555e-02,
       4.06189555e-02, 4.11347518e-02, 4.11347518e-02, 4.12637008e-02,
       4.12637008e-02, 4.13926499e-02, 4.13926499e-02, 4.15215990e-02,
       4.15215990e-02, 4.25531915e-02, 4.25531915e-02, 4.26821406e-02,
       4.26821406e-02, 4.30689877e-02, 4.30689877e-02, 4.34558349e-02,
       4.34558349e-02, 4.38426821e-02, 4.38426821e-02, 4.42295293e-02,
       4.42295293e-02, 4.47453256e-02, 4.47453256e-02, 4.52611219e-02,
       4.52611219e-02, 4.53900709e-02, 4.53900709e-02, 4.64216634e-02,
       4.64216634e-02, 4.65506125e-02, 4.65506125e-02, 4.69374597e-02,
       4.69374597e-02, 4.71953578e-02, 4.71953578e-02, 4.73243069e-02,
       4.73243069e-02, 4.80980013e-02, 4.80980013e-02, 4.82269504e-02,
       4.82269504e-02, 4.83558994e-02, 4.83558994e-02, 4.97743391e-02,
       4.97743391e-02, 4.99032882e-02, 4.99032882e-02, 5.06769826e-02,
       5.06769826e-02, 5.08059317e-02, 5.08059317e-02, 5.09348807e-02,
       5.09348807e-02, 5.13217279e-02, 5.13217279e-02, 5.17085751e-02,
       5.17085751e-02, 5.18375242e-02, 5.18375242e-02, 5.19664732e-02,
       5.19664732e-02, 5.23533204e-02, 5.23533204e-02, 5.24822695e-02,
       5.24822695e-02, 5.26112186e-02, 5.26112186e-02, 5.29980658e-02,
       5.29980658e-02, 5.39007092e-02, 5.39007092e-02, 5.40296583e-02,
       5.40296583e-02, 5.42875564e-02, 5.42875564e-02, 5.49323017e-02,
       5.49323017e-02, 5.51901999e-02, 5.51901999e-02, 5.53191489e-02,
       5.53191489e-02, 5.58349452e-02, 5.58349452e-02, 5.72533849e-02,
       5.72533849e-02, 5.75112830e-02, 5.75112830e-02, 5.93165700e-02,
       5.93165700e-02, 5.95744681e-02, 5.95744681e-02, 6.09929078e-02,
       6.09929078e-02, 6.12508059e-02, 6.12508059e-02, 6.20245003e-02,
       6.20245003e-02, 6.24113475e-02, 6.24113475e-02, 6.31850419e-02,
       6.31850419e-02, 6.33139910e-02, 6.33139910e-02, 6.37008382e-02,
       6.37008382e-02, 6.38297872e-02, 6.38297872e-02, 6.43455835e-02,
       6.43455835e-02, 6.46034816e-02, 6.46034816e-02, 6.47324307e-02,
       6.47324307e-02, 6.48613798e-02, 6.48613798e-02, 6.52482270e-02,
       6.52482270e-02, 6.53771760e-02, 6.53771760e-02, 6.60219213e-02,
       6.60219213e-02, 6.62798195e-02, 6.62798195e-02, 6.66666667e-02,
       6.66666667e-02, 6.75693101e-02, 6.75693101e-02, 6.78272083e-02,
       6.78272083e-02, 6.80851064e-02, 6.80851064e-02, 6.92456480e-02,
       6.92456480e-02, 6.93745970e-02, 6.93745970e-02, 6.96324952e-02,
       6.96324952e-02, 6.97614442e-02, 6.97614442e-02, 7.00193424e-02,
       7.00193424e-02, 7.01482914e-02, 7.01482914e-02, 7.02772405e-02,
       7.02772405e-02, 7.22114765e-02, 7.22114765e-02, 7.29851709e-02,
       7.29851709e-02, 7.31141199e-02, 7.31141199e-02, 7.37588652e-02,
       7.37588652e-02, 7.38878143e-02, 7.38878143e-02, 7.53062540e-02,
       7.53062540e-02, 7.64667956e-02, 7.64667956e-02, 7.71115409e-02,
       7.71115409e-02, 7.77562863e-02, 7.77562863e-02, 7.86589297e-02,
       7.86589297e-02, 8.03352676e-02, 8.03352676e-02, 8.22695035e-02,
       8.22695035e-02, 8.26563507e-02, 8.26563507e-02, 8.30431979e-02,
       8.30431979e-02, 8.33010961e-02, 8.33010961e-02, 8.40747905e-02,
       8.40747905e-02, 8.51063830e-02, 8.51063830e-02, 8.69116699e-02,
       8.69116699e-02, 8.76853643e-02, 8.76853643e-02, 8.82011605e-02,
       8.82011605e-02, 8.92327531e-02, 8.92327531e-02, 8.98774984e-02,
       8.98774984e-02, 9.03932946e-02, 9.03932946e-02, 9.07801418e-02,
       9.07801418e-02, 9.11669890e-02, 9.11669890e-02, 9.16827853e-02,
       9.16827853e-02, 9.23275306e-02, 9.23275306e-02, 9.32301741e-02,
       9.32301741e-02, 9.34880722e-02, 9.34880722e-02, 9.40038685e-02,
       9.40038685e-02, 9.46486138e-02, 9.46486138e-02, 9.54223082e-02,
       9.54223082e-02, 9.65828498e-02, 9.65828498e-02, 9.67117988e-02,
       9.67117988e-02, 9.74854932e-02, 9.74854932e-02, 9.92907801e-02,
       9.92907801e-02, 9.96776273e-02, 9.96776273e-02, 1.00451322e-01,
       1.00451322e-01, 1.04835590e-01, 1.04835590e-01, 1.05351386e-01,
       1.05351386e-01, 1.06125081e-01, 1.06125081e-01, 1.06511928e-01,
       1.06511928e-01, 1.08704062e-01, 1.08704062e-01, 1.09219858e-01,
       1.09219858e-01, 1.09864603e-01, 1.09864603e-01, 1.10380400e-01,
       1.10380400e-01, 1.12185687e-01, 1.12185687e-01, 1.12443585e-01,
       1.12443585e-01, 1.12830432e-01, 1.12830432e-01, 1.13604126e-01,
       1.13604126e-01, 1.14119923e-01, 1.14119923e-01, 1.16312057e-01,
       1.16312057e-01, 1.16441006e-01, 1.16441006e-01, 1.16827853e-01,
       1.16827853e-01, 1.16956802e-01, 1.16956802e-01, 1.18762089e-01,
       1.18762089e-01, 1.19922631e-01, 1.19922631e-01, 1.20180529e-01,
       1.20180529e-01, 1.20954223e-01, 1.20954223e-01, 1.21470019e-01,
       1.21470019e-01, 1.23017408e-01, 1.23017408e-01, 1.23404255e-01,
       1.23404255e-01, 1.23662153e-01, 1.23662153e-01, 1.23920052e-01,
       1.23920052e-01, 1.24049001e-01, 1.24049001e-01, 1.24822695e-01,
       1.24822695e-01, 1.25983237e-01, 1.25983237e-01, 1.27788524e-01,
       1.27788524e-01, 1.29464861e-01, 1.29464861e-01, 1.31785945e-01,
       1.31785945e-01, 1.33462282e-01, 1.33462282e-01, 1.34751773e-01,
       1.34751773e-01, 1.36299162e-01, 1.36299162e-01, 1.38362347e-01,
       1.38362347e-01, 1.40038685e-01, 1.40038685e-01, 1.41070277e-01,
       1.41070277e-01, 1.43520309e-01, 1.43520309e-01, 1.44036106e-01,
       1.44036106e-01, 1.44551902e-01, 1.44551902e-01, 1.46615087e-01,
       1.46615087e-01, 1.48807221e-01, 1.48807221e-01, 1.51257253e-01,
       1.51257253e-01, 1.51515152e-01, 1.51515152e-01, 1.58220503e-01,
       1.58220503e-01, 1.60154739e-01, 1.60154739e-01, 1.61315280e-01,
       1.61315280e-01, 1.62991618e-01, 1.62991618e-01, 1.66473243e-01,
       1.66473243e-01, 1.70986460e-01, 1.70986460e-01, 1.74468085e-01,
       1.74468085e-01, 1.76015474e-01, 1.76015474e-01, 1.80270793e-01,
       1.80270793e-01, 1.82205029e-01, 1.82205029e-01, 1.83881367e-01,
       1.83881367e-01, 1.84139265e-01, 1.84139265e-01, 1.85557705e-01,
       1.85557705e-01, 1.96518375e-01, 1.96518375e-01, 2.00773694e-01,
       2.00773694e-01, 2.03094778e-01, 2.03094778e-01, 2.03868472e-01,
       2.03868472e-01, 2.06060606e-01, 2.06060606e-01, 2.06447453e-01,
       2.06447453e-01, 2.08381689e-01, 2.08381689e-01, 2.10573823e-01,
       2.10573823e-01, 2.14313346e-01, 2.14313346e-01, 2.25145068e-01,
       2.25145068e-01, 2.41005803e-01, 2.41005803e-01, 2.41392650e-01,
       2.41392650e-01, 2.41908446e-01, 2.41908446e-01, 2.42424242e-01,
       2.42424242e-01, 2.44745326e-01, 2.44745326e-01, 2.50290135e-01,
       2.50290135e-01, 2.70664088e-01, 2.70664088e-01, 3.01740812e-01,
       3.01740812e-01, 3.20567376e-01, 3.20567376e-01, 3.43391360e-01,
       3.43391360e-01, 3.73049645e-01, 3.73049645e-01, 4.00000000e-01,
       4.00000000e-01, 4.02965828e-01, 4.02965828e-01, 4.43713733e-01,
       4.43713733e-01, 4.46163765e-01, 4.46163765e-01, 5.89297228e-01,
       5.89297228e-01, 6.10573823e-01, 6.10573823e-01, 6.21921341e-01,
       6.21921341e-01, 6.70406190e-01, 6.70406190e-01, 6.96196003e-01,
       6.96196003e-01, 6.99806576e-01, 6.99806576e-01, 7.37588652e-01,
       7.37588652e-01, 7.49709865e-01, 7.49709865e-01, 8.54416505e-01,
       8.54416505e-01, 9.45067698e-01, 9.45067698e-01, 1.00000000e+00])}","{0: array([0.        , 0.00143369, 0.00286738, 0.00501792, 0.0078853 ,
       0.01003584, 0.01146953, 0.01433692, 0.01505376, 0.0172043 ,
       0.01792115, 0.01935484, 0.02078853, 0.02222222, 0.02293907,
       0.02580645, 0.02795699, 0.02867384, 0.03010753, 0.03082437,
       0.03225806, 0.03369176, 0.03655914, 0.04444444, 0.04731183,
       0.04874552, 0.05017921, 0.05089606, 0.05232975, 0.05519713,
       0.05734767, 0.05878136, 0.06021505, 0.11397849, 0.11541219,
       0.16057348, 0.16057348, 0.23297491, 0.23297491, 0.28888889,
       0.28888889, 0.30322581, 0.30322581, 0.30537634, 0.30537634,
       0.30896057, 0.30896057, 0.31326165, 0.31326165, 0.31469534,
       0.31469534, 0.34480287, 0.34480287, 0.35197133, 0.35197133,
       0.3562724 , 0.3562724 , 0.35985663, 0.35985663, 0.36057348,
       0.36057348, 0.36129032, 0.36129032, 0.37419355, 0.37419355,
       0.37921147, 0.37921147, 0.38064516, 0.38064516, 0.3827957 ,
       0.3827957 , 0.38781362, 0.38781362, 0.40286738, 0.40286738,
       0.40430108, 0.40430108, 0.41648746, 0.41648746, 0.42150538,
       0.42150538, 0.42580645, 0.42580645, 0.43369176, 0.43369176,
       0.43870968, 0.43870968, 0.44659498, 0.44659498, 0.44802867,
       0.44802867, 0.45232975, 0.45232975, 0.45304659, 0.45304659,
       0.45448029, 0.45448029, 0.46021505, 0.46021505, 0.46594982,
       0.46594982, 0.47096774, 0.47096774, 0.47885305, 0.47885305,
       0.48602151, 0.48602151, 0.49032258, 0.49032258, 0.49175627,
       0.49175627, 0.50752688, 0.50752688, 0.51326165, 0.51326165,
       0.51397849, 0.51397849, 0.51612903, 0.51612903, 0.51827957,
       0.51827957, 0.52043011, 0.52043011, 0.52401434, 0.52401434,
       0.53261649, 0.53261649, 0.54121864, 0.54121864, 0.55197133,
       0.55197133, 0.55268817, 0.55268817, 0.55412186, 0.55412186,
       0.5562724 , 0.5562724 , 0.55913978, 0.55913978, 0.56129032,
       0.56129032, 0.56487455, 0.56487455, 0.56845878, 0.56845878,
       0.57132616, 0.57132616, 0.57419355, 0.57419355, 0.57634409,
       0.57634409, 0.57777778, 0.57777778, 0.57849462, 0.57849462,
       0.57921147, 0.57921147, 0.58064516, 0.58064516, 0.58924731,
       0.58924731, 0.5921147 , 0.5921147 , 0.59283154, 0.59283154,
       0.59354839, 0.59354839, 0.6       , 0.6       , 0.60071685,
       0.60071685, 0.60215054, 0.60215054, 0.60358423, 0.60358423,
       0.60501792, 0.60501792, 0.60573477, 0.60573477, 0.61003584,
       0.61003584, 0.61146953, 0.61146953, 0.61290323, 0.61290323,
       0.61935484, 0.61935484, 0.62222222, 0.62222222, 0.62437276,
       0.62437276, 0.62508961, 0.62508961, 0.62724014, 0.62724014,
       0.63082437, 0.63082437, 0.6344086 , 0.6344086 , 0.64014337,
       0.64014337, 0.64444444, 0.64444444, 0.64659498, 0.64659498,
       0.65448029, 0.65448029, 0.65591398, 0.65591398, 0.65806452,
       0.65806452, 0.65949821, 0.65949821, 0.66738351, 0.66738351,
       0.6688172 , 0.6688172 , 0.66953405, 0.66953405, 0.6702509 ,
       0.6702509 , 0.67311828, 0.67311828, 0.67455197, 0.67455197,
       0.67670251, 0.67670251, 0.68028674, 0.68028674, 0.68100358,
       0.68100358, 0.68315412, 0.68315412, 0.68530466, 0.68530466,
       0.68602151, 0.68602151, 0.68673835, 0.68673835, 0.68817204,
       0.68817204, 0.69390681, 0.69390681, 0.6953405 , 0.6953405 ,
       0.69749104, 0.69749104, 0.70035842, 0.70035842, 0.70107527,
       0.70107527, 0.70250896, 0.70250896, 0.70824373, 0.70824373,
       0.71182796, 0.71182796, 0.71397849, 0.71397849, 0.71469534,
       0.71469534, 0.71612903, 0.71612903, 0.71684588, 0.71684588,
       0.71827957, 0.71827957, 0.71899642, 0.71899642, 0.72043011,
       0.72043011, 0.72544803, 0.72544803, 0.72616487, 0.72616487,
       0.72759857, 0.72759857, 0.72903226, 0.72903226, 0.7297491 ,
       0.7297491 , 0.73046595, 0.73046595, 0.7311828 , 0.7311828 ,
       0.73476703, 0.73476703, 0.73620072, 0.73620072, 0.73691756,
       0.73691756, 0.73835125, 0.73835125, 0.7390681 , 0.7390681 ,
       0.73978495, 0.73978495, 0.74050179, 0.74050179, 0.74336918,
       0.74336918, 0.74408602, 0.74408602, 0.74480287, 0.74480287,
       0.74982079, 0.74982079, 0.75053763, 0.75053763, 0.75483871,
       0.75483871, 0.75770609, 0.75770609, 0.75842294, 0.75842294,
       0.75913978, 0.75913978, 0.75985663, 0.75985663, 0.76129032,
       0.76129032, 0.76200717, 0.76200717, 0.76344086, 0.76344086,
       0.76415771, 0.76415771, 0.76702509, 0.76702509, 0.76774194,
       0.76774194, 0.76845878, 0.76845878, 0.76989247, 0.76989247,
       0.77060932, 0.77060932, 0.77132616, 0.77132616, 0.77491039,
       0.77491039, 0.77562724, 0.77562724, 0.77777778, 0.77777778,
       0.77921147, 0.77921147, 0.77992832, 0.77992832, 0.78136201,
       0.78136201, 0.78351254, 0.78351254, 0.78422939, 0.78422939,
       0.78494624, 0.78494624, 0.78709677, 0.78709677, 0.78781362,
       0.78781362, 0.78853047, 0.78853047, 0.78924731, 0.78924731,
       0.790681  , 0.790681  , 0.79426523, 0.79426523, 0.79569892,
       0.79569892, 0.79713262, 0.79713262, 0.79856631, 0.79856631,
       0.79928315, 0.79928315, 0.8       , 0.8       , 0.80143369,
       0.80143369, 0.80573477, 0.80573477, 0.80645161, 0.80645161,
       0.81003584, 0.81003584, 0.81218638, 0.81218638, 0.81362007,
       0.81362007, 0.81505376, 0.81505376, 0.81577061, 0.81577061,
       0.8172043 , 0.8172043 , 0.82150538, 0.82150538, 0.82437276,
       0.82437276, 0.82580645, 0.82580645, 0.8265233 , 0.8265233 ,
       0.82724014, 0.82724014, 0.82939068, 0.82939068, 0.83154122,
       0.83154122, 0.83369176, 0.83369176, 0.8344086 , 0.8344086 ,
       0.83512545, 0.83512545, 0.83584229, 0.83584229, 0.83727599,
       0.83727599, 0.83799283, 0.83799283, 0.83870968, 0.83870968,
       0.83942652, 0.83942652, 0.84086022, 0.84086022, 0.84301075,
       0.84301075, 0.84444444, 0.84444444, 0.84516129, 0.84516129,
       0.84587814, 0.84587814, 0.84659498, 0.84659498, 0.84731183,
       0.84731183, 0.84874552, 0.84874552, 0.84946237, 0.84946237,
       0.85017921, 0.85017921, 0.8516129 , 0.8516129 , 0.85232975,
       0.85232975, 0.85304659, 0.85304659, 0.85376344, 0.85376344,
       0.85591398, 0.85591398, 0.85806452, 0.85806452, 0.85878136,
       0.85878136, 0.85949821, 0.85949821, 0.86021505, 0.86021505,
       0.86164875, 0.86164875, 0.86236559, 0.86236559, 0.86308244,
       0.86308244, 0.86451613, 0.86451613, 0.86523297, 0.86523297,
       0.86666667, 0.86666667, 0.86810036, 0.86810036, 0.8688172 ,
       0.8688172 , 0.8702509 , 0.8702509 , 0.87096774, 0.87096774,
       0.87168459, 0.87168459, 0.87311828, 0.87311828, 0.87383513,
       0.87383513, 0.87670251, 0.87670251, 0.87741935, 0.87741935,
       0.8781362 , 0.8781362 , 0.87885305, 0.87885305, 0.87956989,
       0.87956989, 0.88028674, 0.88028674, 0.88100358, 0.88100358,
       0.88172043, 0.88172043, 0.88243728, 0.88243728, 0.88458781,
       0.88458781, 0.88530466, 0.88530466, 0.88888889, 0.88888889,
       0.88960573, 0.88960573, 0.89032258, 0.89032258, 0.89103943,
       0.89103943, 0.89318996, 0.89318996, 0.89390681, 0.89390681,
       0.89605735, 0.89605735, 0.89677419, 0.89677419, 0.89749104,
       0.89749104, 0.89820789, 0.89820789, 0.89892473, 0.89892473,
       0.89964158, 0.89964158, 0.90035842, 0.90035842, 0.90179211,
       0.90179211, 0.90250896, 0.90250896, 0.90322581, 0.90322581,
       0.90537634, 0.90537634, 0.90609319, 0.90609319, 0.90752688,
       0.90752688, 0.90896057, 0.90896057, 0.91039427, 0.91039427,
       0.91111111, 0.91111111, 0.91182796, 0.91182796, 0.9125448 ,
       0.9125448 , 0.91326165, 0.91326165, 0.91612903, 0.91612903,
       0.91756272, 0.91756272, 0.91827957, 0.91827957, 0.91971326,
       0.91971326, 0.92043011, 0.92043011, 0.92114695, 0.92114695,
       0.92258065, 0.92258065, 0.92401434, 0.92401434, 0.92473118,
       0.92473118, 0.92544803, 0.92544803, 0.92616487, 0.92616487,
       0.92759857, 0.92759857, 0.92831541, 0.92831541, 0.92903226,
       0.92903226, 0.9297491 , 0.9297491 , 0.93046595, 0.93046595,
       0.93189964, 0.93189964, 0.93261649, 0.93261649, 0.93333333,
       0.93333333, 0.93405018, 0.93405018, 0.93476703, 0.93476703,
       0.93548387, 0.93548387, 0.93620072, 0.93620072, 0.93763441,
       0.93763441, 0.93835125, 0.93835125, 0.93978495, 0.93978495,
       0.94050179, 0.94050179, 0.94121864, 0.94121864, 0.94193548,
       0.94193548, 0.94265233, 0.94265233, 0.94408602, 0.94408602,
       0.94480287, 0.94480287, 0.94551971, 0.94551971, 0.94623656,
       0.94623656, 0.94695341, 0.94695341, 0.94767025, 0.94767025,
       0.9483871 , 0.9483871 , 0.94910394, 0.94910394, 0.95053763,
       0.95053763, 0.95125448, 0.95125448, 0.95268817, 0.95268817,
       0.95340502, 0.95340502, 0.95412186, 0.95412186, 0.95483871,
       0.95483871, 0.95555556, 0.95555556, 0.9562724 , 0.9562724 ,
       0.95698925, 0.95698925, 0.95770609, 0.95770609, 0.95842294,
       0.95842294, 0.95913978, 0.95913978, 0.95985663, 0.95985663,
       0.96057348, 0.96057348, 0.96129032, 0.96129032, 0.96272401,
       0.96272401, 0.96344086, 0.96344086, 0.96487455, 0.96487455,
       0.9655914 , 0.9655914 , 0.96630824, 0.96630824, 0.96702509,
       0.96702509, 0.96845878, 0.96845878, 0.96917563, 0.96917563,
       0.96989247, 0.96989247, 0.97060932, 0.97060932, 0.97132616,
       0.97132616, 0.97275986, 0.97275986, 0.9734767 , 0.9734767 ,
       0.97419355, 0.97419355, 0.97491039, 0.97491039, 0.97562724,
       0.97562724, 0.97634409, 0.97634409, 0.97706093, 0.97706093,
       0.97777778, 0.97777778, 0.97849462, 0.97849462, 0.97921147,
       0.97921147, 0.97992832, 0.97992832, 0.98064516, 0.98064516,
       0.98136201, 0.98136201, 0.98207885, 0.98207885, 0.9827957 ,
       0.9827957 , 0.98351254, 0.98351254, 0.98422939, 0.98422939,
       0.98494624, 0.98494624, 0.98566308, 0.98566308, 0.98637993,
       0.98637993, 0.98709677, 0.98709677, 0.98781362, 0.98781362,
       0.98853047, 0.98853047, 0.98924731, 0.98924731, 0.98996416,
       0.98996416, 0.990681  , 0.990681  , 0.99139785, 0.99139785,
       0.9921147 , 0.9921147 , 0.99283154, 0.99283154, 0.99354839,
       0.99354839, 0.99426523, 0.99426523, 0.99498208, 0.99498208,
       0.99569892, 0.99569892, 0.99641577, 0.99641577, 0.99713262,
       0.99713262, 0.99784946, 0.99784946, 0.99856631, 0.99856631,
       0.99928315, 0.99928315, 1.        , 1.        , 1.        ,
       1.        , 1.        , 1.        ]), 1: array([0.        , 0.00102354, 0.00204708, ..., 0.99897646, 1.        ,
       1.        ], shape=(1322,)), 2: array([0.00000000e+00, 2.50250250e-04, 4.45445445e-02, ...,
       9.99749750e-01, 1.00000000e+00, 1.00000000e+00], shape=(1964,)), 3: array([0.00000000e+00, 7.20980534e-04, 3.31651045e-02, 3.46070656e-02,
       1.75919250e-01, 1.75919250e-01, 2.12689257e-01, 2.12689257e-01,
       2.26387888e-01, 2.26387888e-01, 2.27829849e-01, 2.27829849e-01,
       2.35760634e-01, 2.35760634e-01, 2.67483778e-01, 2.67483778e-01,
       2.86950252e-01, 2.86950252e-01, 3.07137707e-01, 3.07137707e-01,
       3.08579668e-01, 3.08579668e-01, 3.38860851e-01, 3.38860851e-01,
       3.46791637e-01, 3.46791637e-01, 3.48954578e-01, 3.48954578e-01,
       3.51117520e-01, 3.51117520e-01, 3.79235761e-01, 3.79235761e-01,
       3.82119683e-01, 3.82119683e-01, 3.87166547e-01, 3.87166547e-01,
       3.89329488e-01, 3.89329488e-01, 3.96539293e-01, 3.96539293e-01,
       4.00144196e-01, 4.00144196e-01, 4.08795963e-01, 4.08795963e-01,
       4.19610671e-01, 4.19610671e-01, 4.31146359e-01, 4.31146359e-01,
       4.31867340e-01, 4.31867340e-01, 4.35472242e-01, 4.35472242e-01,
       4.36193223e-01, 4.36193223e-01, 4.41240087e-01, 4.41240087e-01,
       4.44844989e-01, 4.44844989e-01, 4.45565970e-01, 4.45565970e-01,
       4.52775775e-01, 4.52775775e-01, 4.55659697e-01, 4.55659697e-01,
       4.59985580e-01, 4.59985580e-01, 4.71521269e-01, 4.71521269e-01,
       4.76568133e-01, 4.76568133e-01, 4.78731074e-01, 4.78731074e-01,
       4.80173035e-01, 4.80173035e-01, 4.84498919e-01, 4.84498919e-01,
       4.85940880e-01, 4.85940880e-01, 4.90987743e-01, 4.90987743e-01,
       4.93871665e-01, 4.93871665e-01, 5.01081471e-01, 5.01081471e-01,
       5.04686373e-01, 5.04686373e-01, 5.15501081e-01, 5.15501081e-01,
       5.19826965e-01, 5.19826965e-01, 5.31362653e-01, 5.31362653e-01,
       5.45782264e-01, 5.45782264e-01, 5.46503244e-01, 5.46503244e-01,
       5.47945205e-01, 5.47945205e-01, 5.57317952e-01, 5.57317952e-01,
       5.59480894e-01, 5.59480894e-01, 5.61643836e-01, 5.61643836e-01,
       5.63085797e-01, 5.63085797e-01, 5.70295602e-01, 5.70295602e-01,
       5.74621485e-01, 5.74621485e-01, 5.77505407e-01, 5.77505407e-01,
       5.78226388e-01, 5.78226388e-01, 5.81110310e-01, 5.81110310e-01,
       5.88320115e-01, 5.88320115e-01, 5.89762076e-01, 5.89762076e-01,
       5.91204037e-01, 5.91204037e-01, 5.91925018e-01, 5.91925018e-01,
       5.93366979e-01, 5.93366979e-01, 5.96971882e-01, 5.96971882e-01,
       5.99855804e-01, 5.99855804e-01, 6.02018745e-01, 6.02018745e-01,
       6.05623648e-01, 6.05623648e-01, 6.06344629e-01, 6.06344629e-01,
       6.07786590e-01, 6.07786590e-01, 6.09228551e-01, 6.09228551e-01,
       6.13554434e-01, 6.13554434e-01, 6.14996395e-01, 6.14996395e-01,
       6.18601298e-01, 6.18601298e-01, 6.23648161e-01, 6.23648161e-01,
       6.24369142e-01, 6.24369142e-01, 6.26532084e-01, 6.26532084e-01,
       6.30857967e-01, 6.30857967e-01, 6.32299928e-01, 6.32299928e-01,
       6.34462870e-01, 6.34462870e-01, 6.39509733e-01, 6.39509733e-01,
       6.40230714e-01, 6.40230714e-01, 6.44556597e-01, 6.44556597e-01,
       6.45277578e-01, 6.45277578e-01, 6.46719539e-01, 6.46719539e-01,
       6.48882480e-01, 6.48882480e-01, 6.49603461e-01, 6.49603461e-01,
       6.51045422e-01, 6.51045422e-01, 6.51766402e-01, 6.51766402e-01,
       6.53929344e-01, 6.53929344e-01, 6.56092286e-01, 6.56092286e-01,
       6.59697188e-01, 6.59697188e-01, 6.64023071e-01, 6.64023071e-01,
       6.67627974e-01, 6.67627974e-01, 6.69069935e-01, 6.69069935e-01,
       6.71232877e-01, 6.71232877e-01, 6.77721702e-01, 6.77721702e-01,
       6.82047585e-01, 6.82047585e-01, 6.83489546e-01, 6.83489546e-01,
       6.85652487e-01, 6.85652487e-01, 6.86373468e-01, 6.86373468e-01,
       6.87815429e-01, 6.87815429e-01, 6.88536410e-01, 6.88536410e-01,
       6.89257390e-01, 6.89257390e-01, 6.90699351e-01, 6.90699351e-01,
       6.91420332e-01, 6.91420332e-01, 6.94304254e-01, 6.94304254e-01,
       6.95025234e-01, 6.95025234e-01, 6.96467195e-01, 6.96467195e-01,
       6.99351118e-01, 6.99351118e-01, 7.01514059e-01, 7.01514059e-01,
       7.02956020e-01, 7.02956020e-01, 7.05118962e-01, 7.05118962e-01,
       7.06560923e-01, 7.06560923e-01, 7.07281903e-01, 7.07281903e-01,
       7.08002884e-01, 7.08002884e-01, 7.10886806e-01, 7.10886806e-01,
       7.11607787e-01, 7.11607787e-01, 7.12328767e-01, 7.12328767e-01,
       7.13049748e-01, 7.13049748e-01, 7.13770728e-01, 7.13770728e-01,
       7.15212689e-01, 7.15212689e-01, 7.15933670e-01, 7.15933670e-01,
       7.17375631e-01, 7.17375631e-01, 7.18096611e-01, 7.18096611e-01,
       7.20980534e-01, 7.20980534e-01, 7.21701514e-01, 7.21701514e-01,
       7.22422495e-01, 7.22422495e-01, 7.23864456e-01, 7.23864456e-01,
       7.24585436e-01, 7.24585436e-01, 7.25306417e-01, 7.25306417e-01,
       7.26027397e-01, 7.26027397e-01, 7.28190339e-01, 7.28190339e-01,
       7.28911319e-01, 7.28911319e-01, 7.30353280e-01, 7.30353280e-01,
       7.31074261e-01, 7.31074261e-01, 7.32516222e-01, 7.32516222e-01,
       7.33958183e-01, 7.33958183e-01, 7.34679164e-01, 7.34679164e-01,
       7.39005047e-01, 7.39005047e-01, 7.40447008e-01, 7.40447008e-01,
       7.42609950e-01, 7.42609950e-01, 7.43330930e-01, 7.43330930e-01,
       7.44051911e-01, 7.44051911e-01, 7.44772891e-01, 7.44772891e-01,
       7.45493872e-01, 7.45493872e-01, 7.46935833e-01, 7.46935833e-01,
       7.47656813e-01, 7.47656813e-01, 7.49098774e-01, 7.49098774e-01,
       7.49819755e-01, 7.49819755e-01, 7.51261716e-01, 7.51261716e-01,
       7.51982696e-01, 7.51982696e-01, 7.52703677e-01, 7.52703677e-01,
       7.53424658e-01, 7.53424658e-01, 7.54145638e-01, 7.54145638e-01,
       7.54866619e-01, 7.54866619e-01, 7.55587599e-01, 7.55587599e-01,
       7.57029560e-01, 7.57029560e-01, 7.57750541e-01, 7.57750541e-01,
       7.59913482e-01, 7.59913482e-01, 7.62076424e-01, 7.62076424e-01,
       7.62797404e-01, 7.62797404e-01, 7.68565249e-01, 7.68565249e-01,
       7.71449171e-01, 7.71449171e-01, 7.72891132e-01, 7.72891132e-01,
       7.73612112e-01, 7.73612112e-01, 7.74333093e-01, 7.74333093e-01,
       7.76496035e-01, 7.76496035e-01, 7.77217015e-01, 7.77217015e-01,
       7.78658976e-01, 7.78658976e-01, 7.80100937e-01, 7.80100937e-01,
       7.80821918e-01, 7.80821918e-01, 7.82263879e-01, 7.82263879e-01,
       7.82984859e-01, 7.82984859e-01, 7.84426820e-01, 7.84426820e-01,
       7.85868782e-01, 7.85868782e-01, 7.86589762e-01, 7.86589762e-01,
       7.87310743e-01, 7.87310743e-01, 7.88031723e-01, 7.88031723e-01,
       7.88752704e-01, 7.88752704e-01, 7.90915645e-01, 7.90915645e-01,
       7.92357606e-01, 7.92357606e-01, 7.93078587e-01, 7.93078587e-01,
       7.95962509e-01, 7.95962509e-01, 7.96683490e-01, 7.96683490e-01,
       7.97404470e-01, 7.97404470e-01, 7.98125451e-01, 7.98125451e-01,
       7.98846431e-01, 7.98846431e-01, 8.00288392e-01, 8.00288392e-01,
       8.01009373e-01, 8.01009373e-01, 8.01730353e-01, 8.01730353e-01,
       8.02451334e-01, 8.02451334e-01, 8.03172314e-01, 8.03172314e-01,
       8.03893295e-01, 8.03893295e-01, 8.04614275e-01, 8.04614275e-01,
       8.05335256e-01, 8.05335256e-01, 8.06056236e-01, 8.06056236e-01,
       8.06777217e-01, 8.06777217e-01, 8.07498198e-01, 8.07498198e-01,
       8.08219178e-01, 8.08219178e-01, 8.08940159e-01, 8.08940159e-01,
       8.10382120e-01, 8.10382120e-01, 8.11103100e-01, 8.11103100e-01,
       8.13266042e-01, 8.13266042e-01, 8.15428983e-01, 8.15428983e-01,
       8.16870944e-01, 8.16870944e-01, 8.17591925e-01, 8.17591925e-01,
       8.19033886e-01, 8.19033886e-01, 8.19754867e-01, 8.19754867e-01,
       8.20475847e-01, 8.20475847e-01, 8.21196828e-01, 8.21196828e-01,
       8.23359769e-01, 8.23359769e-01, 8.24801730e-01, 8.24801730e-01,
       8.25522711e-01, 8.25522711e-01, 8.26964672e-01, 8.26964672e-01,
       8.28406633e-01, 8.28406633e-01, 8.29127614e-01, 8.29127614e-01,
       8.29848594e-01, 8.29848594e-01, 8.32011536e-01, 8.32011536e-01,
       8.33453497e-01, 8.33453497e-01, 8.34174477e-01, 8.34174477e-01,
       8.34895458e-01, 8.34895458e-01, 8.35616438e-01, 8.35616438e-01,
       8.36337419e-01, 8.36337419e-01, 8.37058399e-01, 8.37058399e-01,
       8.37779380e-01, 8.37779380e-01, 8.38500360e-01, 8.38500360e-01,
       8.39221341e-01, 8.39221341e-01, 8.39942322e-01, 8.39942322e-01,
       8.40663302e-01, 8.40663302e-01, 8.42105263e-01, 8.42105263e-01,
       8.43547224e-01, 8.43547224e-01, 8.44989185e-01, 8.44989185e-01,
       8.45710166e-01, 8.45710166e-01, 8.46431146e-01, 8.46431146e-01,
       8.47152127e-01, 8.47152127e-01, 8.47873107e-01, 8.47873107e-01,
       8.48594088e-01, 8.48594088e-01, 8.49315068e-01, 8.49315068e-01,
       8.50036049e-01, 8.50036049e-01, 8.50757030e-01, 8.50757030e-01,
       8.51478010e-01, 8.51478010e-01, 8.52198991e-01, 8.52198991e-01,
       8.53640952e-01, 8.53640952e-01, 8.54361932e-01, 8.54361932e-01,
       8.55082913e-01, 8.55082913e-01, 8.56524874e-01, 8.56524874e-01,
       8.57245854e-01, 8.57245854e-01, 8.57966835e-01, 8.57966835e-01,
       8.58687815e-01, 8.58687815e-01, 8.59408796e-01, 8.59408796e-01,
       8.60129776e-01, 8.60129776e-01, 8.61571738e-01, 8.61571738e-01,
       8.63734679e-01, 8.63734679e-01, 8.64455660e-01, 8.64455660e-01,
       8.65176640e-01, 8.65176640e-01, 8.66618601e-01, 8.66618601e-01,
       8.67339582e-01, 8.67339582e-01, 8.68060562e-01, 8.68060562e-01,
       8.68781543e-01, 8.68781543e-01, 8.69502523e-01, 8.69502523e-01,
       8.70223504e-01, 8.70223504e-01, 8.70944484e-01, 8.70944484e-01,
       8.72386446e-01, 8.72386446e-01, 8.73107426e-01, 8.73107426e-01,
       8.73828407e-01, 8.73828407e-01, 8.74549387e-01, 8.74549387e-01,
       8.75270368e-01, 8.75270368e-01, 8.75991348e-01, 8.75991348e-01,
       8.76712329e-01, 8.76712329e-01, 8.77433309e-01, 8.77433309e-01,
       8.78154290e-01, 8.78154290e-01, 8.78875270e-01, 8.78875270e-01,
       8.79596251e-01, 8.79596251e-01, 8.80317231e-01, 8.80317231e-01,
       8.81038212e-01, 8.81038212e-01, 8.81759193e-01, 8.81759193e-01,
       8.82480173e-01, 8.82480173e-01, 8.83201154e-01, 8.83201154e-01,
       8.83922134e-01, 8.83922134e-01, 8.84643115e-01, 8.84643115e-01,
       8.85364095e-01, 8.85364095e-01, 8.86085076e-01, 8.86085076e-01,
       8.86806056e-01, 8.86806056e-01, 8.87527037e-01, 8.87527037e-01,
       8.88248017e-01, 8.88248017e-01, 8.88968998e-01, 8.88968998e-01,
       8.89689978e-01, 8.89689978e-01, 8.90410959e-01, 8.90410959e-01,
       8.91131939e-01, 8.91131939e-01, 8.91852920e-01, 8.91852920e-01,
       8.92573901e-01, 8.92573901e-01, 8.93294881e-01, 8.93294881e-01,
       8.94736842e-01, 8.94736842e-01, 8.95457823e-01, 8.95457823e-01,
       8.96178803e-01, 8.96178803e-01, 8.96899784e-01, 8.96899784e-01,
       8.97620764e-01, 8.97620764e-01, 8.99062725e-01, 8.99062725e-01,
       8.99783706e-01, 8.99783706e-01, 9.00504686e-01, 9.00504686e-01,
       9.01225667e-01, 9.01225667e-01, 9.01946647e-01, 9.01946647e-01,
       9.02667628e-01, 9.02667628e-01, 9.03388609e-01, 9.03388609e-01,
       9.04109589e-01, 9.04109589e-01, 9.04830570e-01, 9.04830570e-01,
       9.05551550e-01, 9.05551550e-01, 9.06272531e-01, 9.06272531e-01,
       9.06993511e-01, 9.06993511e-01, 9.07714492e-01, 9.07714492e-01,
       9.08435472e-01, 9.08435472e-01, 9.09877433e-01, 9.09877433e-01,
       9.10598414e-01, 9.10598414e-01, 9.12040375e-01, 9.12040375e-01,
       9.12761355e-01, 9.12761355e-01, 9.13482336e-01, 9.13482336e-01,
       9.14203317e-01, 9.14203317e-01, 9.14924297e-01, 9.14924297e-01,
       9.15645278e-01, 9.15645278e-01, 9.16366258e-01, 9.16366258e-01,
       9.17087239e-01, 9.17087239e-01, 9.17808219e-01, 9.17808219e-01,
       9.18529200e-01, 9.18529200e-01, 9.19250180e-01, 9.19250180e-01,
       9.19971161e-01, 9.19971161e-01, 9.20692141e-01, 9.20692141e-01,
       9.21413122e-01, 9.21413122e-01, 9.22134102e-01, 9.22134102e-01,
       9.22855083e-01, 9.22855083e-01, 9.23576063e-01, 9.23576063e-01,
       9.24297044e-01, 9.24297044e-01, 9.25739005e-01, 9.25739005e-01,
       9.26459986e-01, 9.26459986e-01, 9.27901947e-01, 9.27901947e-01,
       9.28622927e-01, 9.28622927e-01, 9.29343908e-01, 9.29343908e-01,
       9.30064888e-01, 9.30064888e-01, 9.30785869e-01, 9.30785869e-01,
       9.31506849e-01, 9.31506849e-01, 9.33669791e-01, 9.33669791e-01,
       9.34390771e-01, 9.34390771e-01, 9.35111752e-01, 9.35111752e-01,
       9.35832733e-01, 9.35832733e-01, 9.36553713e-01, 9.36553713e-01,
       9.37274694e-01, 9.37274694e-01, 9.37995674e-01, 9.37995674e-01,
       9.38716655e-01, 9.38716655e-01, 9.40158616e-01, 9.40158616e-01,
       9.40879596e-01, 9.40879596e-01, 9.41600577e-01, 9.41600577e-01,
       9.42321557e-01, 9.42321557e-01, 9.43042538e-01, 9.43042538e-01,
       9.43763518e-01, 9.43763518e-01, 9.44484499e-01, 9.44484499e-01,
       9.45205479e-01, 9.45205479e-01, 9.45926460e-01, 9.45926460e-01,
       9.46647441e-01, 9.46647441e-01, 9.47368421e-01, 9.47368421e-01,
       9.48089402e-01, 9.48089402e-01, 9.48810382e-01, 9.48810382e-01,
       9.49531363e-01, 9.49531363e-01, 9.50252343e-01, 9.50252343e-01,
       9.50973324e-01, 9.50973324e-01, 9.51694304e-01, 9.51694304e-01,
       9.52415285e-01, 9.52415285e-01, 9.53136265e-01, 9.53136265e-01,
       9.53857246e-01, 9.53857246e-01, 9.54578226e-01, 9.54578226e-01,
       9.55299207e-01, 9.55299207e-01, 9.56020187e-01, 9.56020187e-01,
       9.56741168e-01, 9.56741168e-01, 9.57462149e-01, 9.57462149e-01,
       9.58183129e-01, 9.58183129e-01, 9.58904110e-01, 9.58904110e-01,
       9.59625090e-01, 9.59625090e-01, 9.60346071e-01, 9.60346071e-01,
       9.61067051e-01, 9.61067051e-01, 9.61788032e-01, 9.61788032e-01,
       9.62509012e-01, 9.62509012e-01, 9.63229993e-01, 9.63229993e-01,
       9.63950973e-01, 9.63950973e-01, 9.64671954e-01, 9.64671954e-01,
       9.65392934e-01, 9.65392934e-01, 9.66113915e-01, 9.66113915e-01,
       9.66834895e-01, 9.66834895e-01, 9.67555876e-01, 9.67555876e-01,
       9.68276857e-01, 9.68276857e-01, 9.68997837e-01, 9.68997837e-01,
       9.69718818e-01, 9.69718818e-01, 9.70439798e-01, 9.70439798e-01,
       9.71160779e-01, 9.71160779e-01, 9.71881759e-01, 9.71881759e-01,
       9.72602740e-01, 9.72602740e-01, 9.73323720e-01, 9.73323720e-01,
       9.74044701e-01, 9.74044701e-01, 9.74765681e-01, 9.74765681e-01,
       9.75486662e-01, 9.75486662e-01, 9.76207642e-01, 9.76207642e-01,
       9.76928623e-01, 9.76928623e-01, 9.77649603e-01, 9.77649603e-01,
       9.78370584e-01, 9.78370584e-01, 9.79091565e-01, 9.79091565e-01,
       9.79812545e-01, 9.79812545e-01, 9.80533526e-01, 9.80533526e-01,
       9.81254506e-01, 9.81254506e-01, 9.81975487e-01, 9.81975487e-01,
       9.82696467e-01, 9.82696467e-01, 9.83417448e-01, 9.83417448e-01,
       9.84138428e-01, 9.84138428e-01, 9.84859409e-01, 9.84859409e-01,
       9.85580389e-01, 9.85580389e-01, 9.86301370e-01, 9.86301370e-01,
       9.87022350e-01, 9.87022350e-01, 9.87743331e-01, 9.87743331e-01,
       9.88464311e-01, 9.88464311e-01, 9.89185292e-01, 9.89185292e-01,
       9.89906273e-01, 9.89906273e-01, 9.90627253e-01, 9.90627253e-01,
       9.91348234e-01, 9.91348234e-01, 9.92069214e-01, 9.92069214e-01,
       9.92790195e-01, 9.92790195e-01, 9.93511175e-01, 9.93511175e-01,
       9.94232156e-01, 9.94232156e-01, 9.94953136e-01, 9.94953136e-01,
       9.95674117e-01, 9.95674117e-01, 9.96395097e-01, 9.96395097e-01,
       9.97116078e-01, 9.97116078e-01, 9.97837058e-01, 9.97837058e-01,
       9.98558039e-01, 9.98558039e-01, 9.99279019e-01, 9.99279019e-01,
       1.00000000e+00, 1.00000000e+00]), 4: array([0.00000000e+00, 6.30914826e-04, 4.79495268e-02, 4.92113565e-02,
       5.55205047e-02, 5.55205047e-02, 5.74132492e-02, 5.74132492e-02,
       5.99369085e-02, 5.99369085e-02, 7.31861199e-02, 7.31861199e-02,
       1.07886435e-01, 1.07886435e-01, 1.09779180e-01, 1.09779180e-01,
       1.17981073e-01, 1.17981073e-01, 1.20504732e-01, 1.20504732e-01,
       1.40694006e-01, 1.40694006e-01, 1.41324921e-01, 1.41324921e-01,
       1.59621451e-01, 1.59621451e-01, 1.67823344e-01, 1.67823344e-01,
       1.73501577e-01, 1.73501577e-01, 1.88012618e-01, 1.88012618e-01,
       1.96214511e-01, 1.96214511e-01, 2.01261830e-01, 2.01261830e-01,
       2.01892744e-01, 2.01892744e-01, 2.06309148e-01, 2.06309148e-01,
       2.15141956e-01, 2.15141956e-01, 2.18927445e-01, 2.18927445e-01,
       2.42271293e-01, 2.42271293e-01, 2.50473186e-01, 2.50473186e-01,
       2.68769716e-01, 2.68769716e-01, 2.70662461e-01, 2.70662461e-01,
       2.80126183e-01, 2.80126183e-01, 2.90220820e-01, 2.90220820e-01,
       3.00315457e-01, 3.00315457e-01, 3.08517350e-01, 3.08517350e-01,
       3.32492114e-01, 3.32492114e-01, 3.36908517e-01, 3.36908517e-01,
       3.40694006e-01, 3.40694006e-01, 3.43217666e-01, 3.43217666e-01,
       3.52681388e-01, 3.52681388e-01, 3.57728707e-01, 3.57728707e-01,
       3.60252366e-01, 3.60252366e-01, 3.64037855e-01, 3.64037855e-01,
       3.80441640e-01, 3.80441640e-01, 3.90536278e-01, 3.90536278e-01,
       3.91167192e-01, 3.91167192e-01, 3.95583596e-01, 3.95583596e-01,
       3.99369085e-01, 3.99369085e-01, 4.00000000e-01, 4.00000000e-01,
       4.02523659e-01, 4.02523659e-01, 4.27129338e-01, 4.27129338e-01,
       4.36593060e-01, 4.36593060e-01, 4.39116719e-01, 4.39116719e-01,
       4.40378549e-01, 4.40378549e-01, 4.43533123e-01, 4.43533123e-01,
       4.46056782e-01, 4.46056782e-01, 4.52996845e-01, 4.52996845e-01,
       4.56151420e-01, 4.56151420e-01, 4.56782334e-01, 4.56782334e-01,
       4.68769716e-01, 4.68769716e-01, 4.70662461e-01, 4.70662461e-01,
       4.86435331e-01, 4.86435331e-01, 4.87066246e-01, 4.87066246e-01,
       4.89589905e-01, 4.89589905e-01, 4.90851735e-01, 4.90851735e-01,
       4.91482650e-01, 4.91482650e-01, 4.96529968e-01, 4.96529968e-01,
       4.99053628e-01, 4.99053628e-01, 5.00946372e-01, 5.00946372e-01,
       5.03470032e-01, 5.03470032e-01, 5.08517350e-01, 5.08517350e-01,
       5.09148265e-01, 5.09148265e-01, 5.10410095e-01, 5.10410095e-01,
       5.11671924e-01, 5.11671924e-01, 5.12302839e-01, 5.12302839e-01,
       5.21766562e-01, 5.21766562e-01, 5.22397476e-01, 5.22397476e-01,
       5.32492114e-01, 5.32492114e-01, 5.35015773e-01, 5.35015773e-01,
       5.43848580e-01, 5.43848580e-01, 5.44479495e-01, 5.44479495e-01,
       5.48895899e-01, 5.48895899e-01, 5.50788644e-01, 5.50788644e-01,
       5.57097792e-01, 5.57097792e-01, 5.63406940e-01, 5.63406940e-01,
       5.64037855e-01, 5.64037855e-01, 5.72239748e-01, 5.72239748e-01,
       5.72870662e-01, 5.72870662e-01, 5.76656151e-01, 5.76656151e-01,
       5.77917981e-01, 5.77917981e-01, 5.86119874e-01, 5.86119874e-01,
       5.90536278e-01, 5.90536278e-01, 5.91798107e-01, 5.91798107e-01,
       5.95583596e-01, 5.95583596e-01, 5.96845426e-01, 5.96845426e-01,
       6.01892744e-01, 6.01892744e-01, 6.02523659e-01, 6.02523659e-01,
       6.03154574e-01, 6.03154574e-01, 6.04416404e-01, 6.04416404e-01,
       6.07570978e-01, 6.07570978e-01, 6.18296530e-01, 6.18296530e-01,
       6.23343849e-01, 6.23343849e-01, 6.24605678e-01, 6.24605678e-01,
       6.31545741e-01, 6.31545741e-01, 6.32176656e-01, 6.32176656e-01,
       6.35331230e-01, 6.35331230e-01, 6.37223975e-01, 6.37223975e-01,
       6.39747634e-01, 6.39747634e-01, 6.47318612e-01, 6.47318612e-01,
       6.48580442e-01, 6.48580442e-01, 6.49842271e-01, 6.49842271e-01,
       6.50473186e-01, 6.50473186e-01, 6.51104101e-01, 6.51104101e-01,
       6.51735016e-01, 6.51735016e-01, 6.52365931e-01, 6.52365931e-01,
       6.57413249e-01, 6.57413249e-01, 6.60567823e-01, 6.60567823e-01,
       6.61198738e-01, 6.61198738e-01, 6.61829653e-01, 6.61829653e-01,
       6.63091483e-01, 6.63091483e-01, 6.64984227e-01, 6.64984227e-01,
       6.67507886e-01, 6.67507886e-01, 6.68769716e-01, 6.68769716e-01,
       6.72555205e-01, 6.72555205e-01, 6.75709779e-01, 6.75709779e-01,
       6.77602524e-01, 6.77602524e-01, 6.79495268e-01, 6.79495268e-01,
       6.82649842e-01, 6.82649842e-01, 6.83280757e-01, 6.83280757e-01,
       6.86435331e-01, 6.86435331e-01, 6.88328076e-01, 6.88328076e-01,
       6.90220820e-01, 6.90220820e-01, 6.94637224e-01, 6.94637224e-01,
       6.97160883e-01, 6.97160883e-01, 6.97791798e-01, 6.97791798e-01,
       6.98422713e-01, 6.98422713e-01, 7.00315457e-01, 7.00315457e-01,
       7.02839117e-01, 7.02839117e-01, 7.03470032e-01, 7.03470032e-01,
       7.07255521e-01, 7.07255521e-01, 7.07886435e-01, 7.07886435e-01,
       7.09148265e-01, 7.09148265e-01, 7.09779180e-01, 7.09779180e-01,
       7.12933754e-01, 7.12933754e-01, 7.19873817e-01, 7.19873817e-01,
       7.21135647e-01, 7.21135647e-01, 7.27444795e-01, 7.27444795e-01,
       7.31230284e-01, 7.31230284e-01, 7.33123028e-01, 7.33123028e-01,
       7.33753943e-01, 7.33753943e-01, 7.34384858e-01, 7.34384858e-01,
       7.35646688e-01, 7.35646688e-01, 7.36908517e-01, 7.36908517e-01,
       7.38170347e-01, 7.38170347e-01, 7.38801262e-01, 7.38801262e-01,
       7.41324921e-01, 7.41324921e-01, 7.44479495e-01, 7.44479495e-01,
       7.47003155e-01, 7.47003155e-01, 7.47634069e-01, 7.47634069e-01,
       7.48895899e-01, 7.48895899e-01, 7.49526814e-01, 7.49526814e-01,
       7.52050473e-01, 7.52050473e-01, 7.55835962e-01, 7.55835962e-01,
       7.57728707e-01, 7.57728707e-01, 7.61514196e-01, 7.61514196e-01,
       7.62145110e-01, 7.62145110e-01, 7.63406940e-01, 7.63406940e-01,
       7.65299685e-01, 7.65299685e-01, 7.67823344e-01, 7.67823344e-01,
       7.68454259e-01, 7.68454259e-01, 7.74132492e-01, 7.74132492e-01,
       7.77287066e-01, 7.77287066e-01, 7.78548896e-01, 7.78548896e-01,
       7.81072555e-01, 7.81072555e-01, 7.82965300e-01, 7.82965300e-01,
       7.83596215e-01, 7.83596215e-01, 7.84227129e-01, 7.84227129e-01,
       7.86119874e-01, 7.86119874e-01, 7.89274448e-01, 7.89274448e-01,
       7.89905363e-01, 7.89905363e-01, 7.90536278e-01, 7.90536278e-01,
       7.92429022e-01, 7.92429022e-01, 7.93059937e-01, 7.93059937e-01,
       7.93690852e-01, 7.93690852e-01, 7.94321767e-01, 7.94321767e-01,
       7.94952681e-01, 7.94952681e-01, 7.95583596e-01, 7.95583596e-01,
       7.96214511e-01, 7.96214511e-01, 7.96845426e-01, 7.96845426e-01,
       7.98107256e-01, 7.98107256e-01, 7.99369085e-01, 7.99369085e-01,
       8.00000000e-01, 8.00000000e-01, 8.01261830e-01, 8.01261830e-01,
       8.01892744e-01, 8.01892744e-01, 8.02523659e-01, 8.02523659e-01,
       8.03154574e-01, 8.03154574e-01, 8.03785489e-01, 8.03785489e-01,
       8.05047319e-01, 8.05047319e-01, 8.06309148e-01, 8.06309148e-01,
       8.06940063e-01, 8.06940063e-01, 8.09463722e-01, 8.09463722e-01,
       8.12618297e-01, 8.12618297e-01, 8.14511041e-01, 8.14511041e-01,
       8.15141956e-01, 8.15141956e-01, 8.15772871e-01, 8.15772871e-01,
       8.17034700e-01, 8.17034700e-01, 8.17665615e-01, 8.17665615e-01,
       8.18296530e-01, 8.18296530e-01, 8.18927445e-01, 8.18927445e-01,
       8.22082019e-01, 8.22082019e-01, 8.23343849e-01, 8.23343849e-01,
       8.24605678e-01, 8.24605678e-01, 8.25867508e-01, 8.25867508e-01,
       8.27129338e-01, 8.27129338e-01, 8.27760252e-01, 8.27760252e-01,
       8.28391167e-01, 8.28391167e-01, 8.29652997e-01, 8.29652997e-01,
       8.31545741e-01, 8.31545741e-01, 8.32807571e-01, 8.32807571e-01,
       8.34069401e-01, 8.34069401e-01, 8.35331230e-01, 8.35331230e-01,
       8.36593060e-01, 8.36593060e-01, 8.39116719e-01, 8.39116719e-01,
       8.40378549e-01, 8.40378549e-01, 8.41640379e-01, 8.41640379e-01,
       8.42271293e-01, 8.42271293e-01, 8.43533123e-01, 8.43533123e-01,
       8.45425868e-01, 8.45425868e-01, 8.46687697e-01, 8.46687697e-01,
       8.47949527e-01, 8.47949527e-01, 8.52365931e-01, 8.52365931e-01,
       8.54258675e-01, 8.54258675e-01, 8.54889590e-01, 8.54889590e-01,
       8.56151420e-01, 8.56151420e-01, 8.58675079e-01, 8.58675079e-01,
       8.59305994e-01, 8.59305994e-01, 8.61198738e-01, 8.61198738e-01,
       8.61829653e-01, 8.61829653e-01, 8.62460568e-01, 8.62460568e-01,
       8.63091483e-01, 8.63091483e-01, 8.63722397e-01, 8.63722397e-01,
       8.64353312e-01, 8.64353312e-01, 8.64984227e-01, 8.64984227e-01,
       8.66246057e-01, 8.66246057e-01, 8.66876972e-01, 8.66876972e-01,
       8.68138801e-01, 8.68138801e-01, 8.68769716e-01, 8.68769716e-01,
       8.69400631e-01, 8.69400631e-01, 8.70031546e-01, 8.70031546e-01,
       8.70662461e-01, 8.70662461e-01, 8.71293375e-01, 8.71293375e-01,
       8.71924290e-01, 8.71924290e-01, 8.73186120e-01, 8.73186120e-01,
       8.73817035e-01, 8.73817035e-01, 8.74447950e-01, 8.74447950e-01,
       8.75078864e-01, 8.75078864e-01, 8.75709779e-01, 8.75709779e-01,
       8.76340694e-01, 8.76340694e-01, 8.76971609e-01, 8.76971609e-01,
       8.77602524e-01, 8.77602524e-01, 8.78864353e-01, 8.78864353e-01,
       8.79495268e-01, 8.79495268e-01, 8.80757098e-01, 8.80757098e-01,
       8.81388013e-01, 8.81388013e-01, 8.82018927e-01, 8.82018927e-01,
       8.82649842e-01, 8.82649842e-01, 8.83911672e-01, 8.83911672e-01,
       8.84542587e-01, 8.84542587e-01, 8.85173502e-01, 8.85173502e-01,
       8.86435331e-01, 8.86435331e-01, 8.87066246e-01, 8.87066246e-01,
       8.87697161e-01, 8.87697161e-01, 8.88328076e-01, 8.88328076e-01,
       8.89589905e-01, 8.89589905e-01, 8.90851735e-01, 8.90851735e-01,
       8.91482650e-01, 8.91482650e-01, 8.92113565e-01, 8.92113565e-01,
       8.92744479e-01, 8.92744479e-01, 8.94006309e-01, 8.94006309e-01,
       8.94637224e-01, 8.94637224e-01, 8.95268139e-01, 8.95268139e-01,
       8.95899054e-01, 8.95899054e-01, 8.97160883e-01, 8.97160883e-01,
       8.97791798e-01, 8.97791798e-01, 8.98422713e-01, 8.98422713e-01,
       8.99053628e-01, 8.99053628e-01, 8.99684543e-01, 8.99684543e-01,
       9.00315457e-01, 9.00315457e-01, 9.00946372e-01, 9.00946372e-01,
       9.02839117e-01, 9.02839117e-01, 9.03470032e-01, 9.03470032e-01,
       9.05362776e-01, 9.05362776e-01, 9.05993691e-01, 9.05993691e-01,
       9.06624606e-01, 9.06624606e-01, 9.07255521e-01, 9.07255521e-01,
       9.07886435e-01, 9.07886435e-01, 9.09148265e-01, 9.09148265e-01,
       9.09779180e-01, 9.09779180e-01, 9.10410095e-01, 9.10410095e-01,
       9.11041009e-01, 9.11041009e-01, 9.12302839e-01, 9.12302839e-01,
       9.12933754e-01, 9.12933754e-01, 9.13564669e-01, 9.13564669e-01,
       9.14826498e-01, 9.14826498e-01, 9.15457413e-01, 9.15457413e-01,
       9.16088328e-01, 9.16088328e-01, 9.17350158e-01, 9.17350158e-01,
       9.17981073e-01, 9.17981073e-01, 9.18611987e-01, 9.18611987e-01,
       9.19242902e-01, 9.19242902e-01, 9.19873817e-01, 9.19873817e-01,
       9.20504732e-01, 9.20504732e-01, 9.21766562e-01, 9.21766562e-01,
       9.22397476e-01, 9.22397476e-01, 9.23028391e-01, 9.23028391e-01,
       9.23659306e-01, 9.23659306e-01, 9.24290221e-01, 9.24290221e-01,
       9.24921136e-01, 9.24921136e-01, 9.25552050e-01, 9.25552050e-01,
       9.26182965e-01, 9.26182965e-01, 9.26813880e-01, 9.26813880e-01,
       9.27444795e-01, 9.27444795e-01, 9.28075710e-01, 9.28075710e-01,
       9.28706625e-01, 9.28706625e-01, 9.29337539e-01, 9.29337539e-01,
       9.29968454e-01, 9.29968454e-01, 9.30599369e-01, 9.30599369e-01,
       9.31230284e-01, 9.31230284e-01, 9.31861199e-01, 9.31861199e-01,
       9.33123028e-01, 9.33123028e-01, 9.33753943e-01, 9.33753943e-01,
       9.34384858e-01, 9.34384858e-01, 9.35015773e-01, 9.35015773e-01,
       9.35646688e-01, 9.35646688e-01, 9.36908517e-01, 9.36908517e-01,
       9.38801262e-01, 9.38801262e-01, 9.40063091e-01, 9.40063091e-01,
       9.40694006e-01, 9.40694006e-01, 9.41324921e-01, 9.41324921e-01,
       9.41955836e-01, 9.41955836e-01, 9.42586751e-01, 9.42586751e-01,
       9.43217666e-01, 9.43217666e-01, 9.43848580e-01, 9.43848580e-01,
       9.44479495e-01, 9.44479495e-01, 9.45110410e-01, 9.45110410e-01,
       9.45741325e-01, 9.45741325e-01, 9.46372240e-01, 9.46372240e-01,
       9.47003155e-01, 9.47003155e-01, 9.47634069e-01, 9.47634069e-01,
       9.48264984e-01, 9.48264984e-01, 9.48895899e-01, 9.48895899e-01,
       9.49526814e-01, 9.49526814e-01, 9.50157729e-01, 9.50157729e-01,
       9.50788644e-01, 9.50788644e-01, 9.51419558e-01, 9.51419558e-01,
       9.52050473e-01, 9.52050473e-01, 9.52681388e-01, 9.52681388e-01,
       9.53312303e-01, 9.53312303e-01, 9.53943218e-01, 9.53943218e-01,
       9.54574132e-01, 9.54574132e-01, 9.55205047e-01, 9.55205047e-01,
       9.55835962e-01, 9.55835962e-01, 9.56466877e-01, 9.56466877e-01,
       9.57097792e-01, 9.57097792e-01, 9.57728707e-01, 9.57728707e-01,
       9.58359621e-01, 9.58359621e-01, 9.59621451e-01, 9.59621451e-01,
       9.60252366e-01, 9.60252366e-01, 9.60883281e-01, 9.60883281e-01,
       9.61514196e-01, 9.61514196e-01, 9.62145110e-01, 9.62145110e-01,
       9.62776025e-01, 9.62776025e-01, 9.63406940e-01, 9.63406940e-01,
       9.64037855e-01, 9.64037855e-01, 9.64668770e-01, 9.64668770e-01,
       9.65930599e-01, 9.65930599e-01, 9.66561514e-01, 9.66561514e-01,
       9.67192429e-01, 9.67192429e-01, 9.67823344e-01, 9.67823344e-01,
       9.68454259e-01, 9.68454259e-01, 9.69085174e-01, 9.69085174e-01,
       9.69716088e-01, 9.69716088e-01, 9.70347003e-01, 9.70347003e-01,
       9.70977918e-01, 9.70977918e-01, 9.71608833e-01, 9.71608833e-01,
       9.72239748e-01, 9.72239748e-01, 9.72870662e-01, 9.72870662e-01,
       9.73501577e-01, 9.73501577e-01, 9.74132492e-01, 9.74132492e-01,
       9.74763407e-01, 9.74763407e-01, 9.75394322e-01, 9.75394322e-01,
       9.76025237e-01, 9.76025237e-01, 9.76656151e-01, 9.76656151e-01,
       9.77917981e-01, 9.77917981e-01, 9.78548896e-01, 9.78548896e-01,
       9.79179811e-01, 9.79179811e-01, 9.79810726e-01, 9.79810726e-01,
       9.80441640e-01, 9.80441640e-01, 9.81072555e-01, 9.81072555e-01,
       9.81703470e-01, 9.81703470e-01, 9.82334385e-01, 9.82334385e-01,
       9.82965300e-01, 9.82965300e-01, 9.83596215e-01, 9.83596215e-01,
       9.84227129e-01, 9.84227129e-01, 9.84858044e-01, 9.84858044e-01,
       9.85488959e-01, 9.85488959e-01, 9.86119874e-01, 9.86119874e-01,
       9.86750789e-01, 9.86750789e-01, 9.87381703e-01, 9.87381703e-01,
       9.88012618e-01, 9.88012618e-01, 9.88643533e-01, 9.88643533e-01,
       9.89274448e-01, 9.89274448e-01, 9.89905363e-01, 9.89905363e-01,
       9.90536278e-01, 9.90536278e-01, 9.91167192e-01, 9.91167192e-01,
       9.91798107e-01, 9.91798107e-01, 9.92429022e-01, 9.92429022e-01,
       9.93059937e-01, 9.93059937e-01, 9.93690852e-01, 9.93690852e-01,
       9.94321767e-01, 9.94321767e-01, 9.94952681e-01, 9.94952681e-01,
       9.95583596e-01, 9.95583596e-01, 9.96214511e-01, 9.96214511e-01,
       9.96845426e-01, 9.96845426e-01, 9.97476341e-01, 9.97476341e-01,
       9.98107256e-01, 9.98107256e-01, 9.98738170e-01, 9.98738170e-01,
       9.99369085e-01, 9.99369085e-01, 1.00000000e+00, 1.00000000e+00])}","{0: 0.9784493301844446, 1: 0.865565179567699, 2: 0.9284321512755271, 3: 0.9593116045592657, 4: 0.9713721685612416}"
CNN,ANN_Raw,0.7527279879519719,0.0150357413232378,0.6646192005291426,0.0157436274702569,0.7815484960352277,0.6935160523294936,"[0.738546448282637, 0.7494791666666667, 0.7436265037711152, 0.7815484960352277, 0.7504393250042127]","[0.6461679889393066, 0.6644987428271387, 0.6571637323122272, 0.6935160523294936, 0.6617494862375469]",./models/best_medium_cnn.keras,0.7703874232619877,0.6822190193653697,"{0: array([0.       , 0.       , 0.       , ..., 0.9252371, 0.9252371,
       1.       ], shape=(3573,)), 1: array([0.00000000e+00, 2.32796350e-05, 4.65592700e-05, ...,
       8.91470342e-01, 8.91516901e-01, 1.00000000e+00], shape=(7577,)), 2: array([0.        , 0.        , 0.        , ..., 0.84207871, 0.84207871,
       1.        ], shape=(10291,)), 3: array([0.        , 0.        , 0.        , ..., 0.84263431, 0.84263431,
       1.        ], shape=(4161,)), 4: array([0.        , 0.        , 0.        , ..., 0.89624867, 0.89629832,
       1.        ], shape=(5528,))}","{0: array([0.00000000e+00, 5.24865503e-04, 1.31216376e-03, ...,
       9.99868784e-01, 1.00000000e+00, 1.00000000e+00], shape=(3573,)), 1: array([0., 0., 0., ..., 1., 1., 1.], shape=(7577,)), 2: array([0.00000000e+00, 4.88567520e-05, 2.00312683e-03, ...,
       9.99951143e-01, 1.00000000e+00, 1.00000000e+00], shape=(10291,)), 3: array([0.00000000e+00, 1.44300144e-04, 3.03030303e-03, ...,
       9.99855700e-01, 1.00000000e+00, 1.00000000e+00], shape=(4161,)), 4: array([0.00000000e+00, 1.25992188e-04, 1.27252110e-02, ...,
       1.00000000e+00, 1.00000000e+00, 1.00000000e+00], shape=(5528,))}","{0: 0.9834186315197054, 1: 0.851377625509098, 2: 0.9294461111011416, 3: 0.9708439751456754, 4: 0.9540100407069034}"
LGBM_MLP,Ensemble,,,,,,,,,,0.7904614111318022,0.7092007290632181,"[{0: array([0.        , 0.        , 0.        , ..., 0.85480895, 0.85480895,
       1.        ], shape=(3776,)), 1: array([0.        , 0.        , 0.        , ..., 0.98486856, 0.98486856,
       1.        ], shape=(7250,)), 2: array([0.        , 0.        , 0.        , ..., 0.97595205, 0.97595205,
       1.        ], shape=(9432,)), 3: array([0.        , 0.        , 0.        , ..., 0.82125604, 0.82125604,
       1.        ], shape=(3916,)), 4: array([0.        , 0.        , 0.        , ..., 0.84078925, 0.84078925,
       1.        ], shape=(4662,))}]","[{0: array([0.00000000e+00, 1.30089762e-04, 6.86873943e-02, ...,
       9.99869910e-01, 1.00000000e+00, 1.00000000e+00], shape=(3776,)), 1: array([0.00000000e+00, 1.88430375e-04, 1.69587337e-03, ...,
       9.99811570e-01, 1.00000000e+00, 1.00000000e+00], shape=(7250,)), 2: array([0.00000000e+00, 4.88543651e-05, 3.06805413e-02, ...,
       9.99951146e-01, 1.00000000e+00, 1.00000000e+00], shape=(9432,)), 3: array([0.00000000e+00, 1.44300144e-04, 3.53535354e-02, ...,
       9.99855700e-01, 1.00000000e+00, 1.00000000e+00], shape=(3916,)), 4: array([0.00000000e+00, 1.25992188e-04, 2.64583596e-03, ...,
       9.99874008e-01, 1.00000000e+00, 1.00000000e+00], shape=(4662,))}]","[{0: 0.9801694429151685, 1: 0.8670847575926639, 2: 0.9382078325434318, 3: 0.9616282249688047, 4: 0.9695246284129537}]"
LSTM_ResNet,Ensemble,,,,,,,,,,0.797644539614561,0.7193767444068297,"[{0: array([0.00000000e+00, 0.00000000e+00, 0.00000000e+00, 1.25865324e-04,
       1.25865324e-04, 2.51730648e-04, 2.51730648e-04, 3.77595972e-04,
       3.77595972e-04, 5.03461296e-04, 5.03461296e-04, 6.29326621e-04,
       6.29326621e-04, 7.55191945e-04, 7.55191945e-04, 8.81057269e-04,
       8.81057269e-04, 1.00692259e-03, 1.00692259e-03, 1.13278792e-03,
       1.13278792e-03, 1.25865324e-03, 1.25865324e-03, 1.38451857e-03,
       1.38451857e-03, 1.51038389e-03, 1.51038389e-03, 1.63624921e-03,
       1.63624921e-03, 1.76211454e-03, 1.76211454e-03, 1.88797986e-03,
       1.88797986e-03, 2.01384519e-03, 2.01384519e-03, 2.13971051e-03,
       2.13971051e-03, 2.26557583e-03, 2.26557583e-03, 2.39144116e-03,
       2.39144116e-03, 2.51730648e-03, 2.51730648e-03, 2.64317181e-03,
       2.64317181e-03, 2.76903713e-03, 2.76903713e-03, 2.89490245e-03,
       2.89490245e-03, 3.02076778e-03, 3.02076778e-03, 3.14663310e-03,
       3.14663310e-03, 3.27249843e-03, 3.27249843e-03, 3.39836375e-03,
       3.39836375e-03, 3.52422907e-03, 3.52422907e-03, 3.65009440e-03,
       3.65009440e-03, 3.77595972e-03, 3.77595972e-03, 3.90182505e-03,
       3.90182505e-03, 4.27942102e-03, 4.27942102e-03, 4.40528634e-03,
       4.40528634e-03, 4.65701699e-03, 4.65701699e-03, 4.78288232e-03,
       4.78288232e-03, 4.90874764e-03, 4.90874764e-03, 5.03461296e-03,
       5.03461296e-03, 5.16047829e-03, 5.16047829e-03, 5.28634361e-03,
       5.28634361e-03, 5.41220894e-03, 5.41220894e-03, 5.53807426e-03,
       5.53807426e-03, 5.66393958e-03, 5.66393958e-03, 5.78980491e-03,
       5.78980491e-03, 6.04153556e-03, 6.04153556e-03, 6.16740088e-03,
       6.16740088e-03, 6.29326621e-03, 6.29326621e-03, 6.41913153e-03,
       6.41913153e-03, 6.54499685e-03, 6.54499685e-03, 6.67086218e-03,
       6.67086218e-03, 6.79672750e-03, 6.79672750e-03, 7.04845815e-03,
       7.04845815e-03, 7.17432347e-03, 7.17432347e-03, 7.30018880e-03,
       7.30018880e-03, 7.67778477e-03, 7.67778477e-03, 7.80365009e-03,
       7.80365009e-03, 8.05538074e-03, 8.05538074e-03, 8.30711139e-03,
       8.30711139e-03, 8.43297671e-03, 8.43297671e-03, 8.55884204e-03,
       8.55884204e-03, 8.81057269e-03, 8.81057269e-03, 8.93643801e-03,
       8.93643801e-03, 9.06230334e-03, 9.06230334e-03, 9.18816866e-03,
       9.18816866e-03, 9.56576463e-03, 9.56576463e-03, 9.69162996e-03,
       9.69162996e-03, 9.94336060e-03, 9.94336060e-03, 1.00692259e-02,
       1.00692259e-02, 1.01950913e-02, 1.01950913e-02, 1.05726872e-02,
       1.05726872e-02, 1.10761485e-02, 1.10761485e-02, 1.15796098e-02,
       1.15796098e-02, 1.19572058e-02, 1.19572058e-02, 1.20830711e-02,
       1.20830711e-02, 1.22089364e-02, 1.22089364e-02, 1.23348018e-02,
       1.23348018e-02, 1.25865324e-02, 1.25865324e-02, 1.27123977e-02,
       1.27123977e-02, 1.28382631e-02, 1.28382631e-02, 1.30899937e-02,
       1.30899937e-02, 1.32158590e-02, 1.32158590e-02, 1.34675897e-02,
       1.34675897e-02, 1.35934550e-02, 1.35934550e-02, 1.37193203e-02,
       1.37193203e-02, 1.38451857e-02, 1.38451857e-02, 1.39710510e-02,
       1.39710510e-02, 1.40969163e-02, 1.40969163e-02, 1.42227816e-02,
       1.42227816e-02, 1.43486469e-02, 1.43486469e-02, 1.44745123e-02,
       1.44745123e-02, 1.46003776e-02, 1.46003776e-02, 1.51038389e-02,
       1.51038389e-02, 1.52297042e-02, 1.52297042e-02, 1.56073002e-02,
       1.56073002e-02, 1.57331655e-02, 1.57331655e-02, 1.58590308e-02,
       1.58590308e-02, 1.62366268e-02, 1.62366268e-02, 1.63624921e-02,
       1.63624921e-02, 1.66142228e-02, 1.66142228e-02, 1.69918188e-02,
       1.69918188e-02, 1.71176841e-02, 1.71176841e-02, 1.76211454e-02,
       1.76211454e-02, 1.77470107e-02, 1.77470107e-02, 1.79987413e-02,
       1.79987413e-02, 1.81246067e-02, 1.81246067e-02, 1.82504720e-02,
       1.82504720e-02, 1.83763373e-02, 1.83763373e-02, 1.85022026e-02,
       1.85022026e-02, 1.86280680e-02, 1.86280680e-02, 1.88797986e-02,
       1.88797986e-02, 1.90056639e-02, 1.90056639e-02, 1.91315293e-02,
       1.91315293e-02, 1.96349906e-02, 1.96349906e-02, 1.97608559e-02,
       1.97608559e-02, 1.98867212e-02, 1.98867212e-02, 2.01384519e-02,
       2.01384519e-02, 2.02643172e-02, 2.02643172e-02, 2.07677785e-02,
       2.07677785e-02, 2.11453744e-02, 2.11453744e-02, 2.12712398e-02,
       2.12712398e-02, 2.13971051e-02, 2.13971051e-02, 2.15229704e-02,
       2.15229704e-02, 2.16488357e-02, 2.16488357e-02, 2.17747011e-02,
       2.17747011e-02, 2.19005664e-02, 2.19005664e-02, 2.21522970e-02,
       2.21522970e-02, 2.24040277e-02, 2.24040277e-02, 2.29074890e-02,
       2.29074890e-02, 2.30333543e-02, 2.30333543e-02, 2.32850850e-02,
       2.32850850e-02, 2.34109503e-02, 2.34109503e-02, 2.35368156e-02,
       2.35368156e-02, 2.36626809e-02, 2.36626809e-02, 2.37885463e-02,
       2.37885463e-02, 2.41661422e-02, 2.41661422e-02, 2.42920076e-02,
       2.42920076e-02, 2.45437382e-02, 2.45437382e-02, 2.46696035e-02,
       2.46696035e-02, 2.49213342e-02, 2.49213342e-02, 2.51730648e-02,
       2.51730648e-02, 2.52989301e-02, 2.52989301e-02, 2.59282568e-02,
       2.59282568e-02, 2.60541221e-02, 2.60541221e-02, 2.61799874e-02,
       2.61799874e-02, 2.63058527e-02, 2.63058527e-02, 2.65575834e-02,
       2.65575834e-02, 2.66834487e-02, 2.66834487e-02, 2.68093140e-02,
       2.68093140e-02, 2.69351794e-02, 2.69351794e-02, 2.70610447e-02,
       2.70610447e-02, 2.74386407e-02, 2.74386407e-02, 2.79421020e-02,
       2.79421020e-02, 2.81938326e-02, 2.81938326e-02, 2.84455632e-02,
       2.84455632e-02, 2.85714286e-02, 2.85714286e-02, 2.89490245e-02,
       2.89490245e-02, 2.90748899e-02, 2.90748899e-02, 2.93266205e-02,
       2.93266205e-02, 2.94524858e-02, 2.94524858e-02, 2.97042165e-02,
       2.97042165e-02, 2.98300818e-02, 2.98300818e-02, 3.00818125e-02,
       3.00818125e-02, 3.10887351e-02, 3.10887351e-02, 3.15921963e-02,
       3.15921963e-02, 3.18439270e-02, 3.18439270e-02, 3.19697923e-02,
       3.19697923e-02, 3.20956576e-02, 3.20956576e-02, 3.25991189e-02,
       3.25991189e-02, 3.27249843e-02, 3.27249843e-02, 3.29767149e-02,
       3.29767149e-02, 3.32284456e-02, 3.32284456e-02, 3.33543109e-02,
       3.33543109e-02, 3.36060415e-02, 3.36060415e-02, 3.38577722e-02,
       3.38577722e-02, 3.39836375e-02, 3.39836375e-02, 3.44870988e-02,
       3.44870988e-02, 3.49905601e-02, 3.49905601e-02, 3.53681561e-02,
       3.53681561e-02, 3.54940214e-02, 3.54940214e-02, 3.56198867e-02,
       3.56198867e-02, 3.57457520e-02, 3.57457520e-02, 3.59974827e-02,
       3.59974827e-02, 3.62492133e-02, 3.62492133e-02, 3.65009440e-02,
       3.65009440e-02, 3.66268093e-02, 3.66268093e-02, 3.68785400e-02,
       3.68785400e-02, 3.70044053e-02, 3.70044053e-02, 3.71302706e-02,
       3.71302706e-02, 3.76337319e-02, 3.76337319e-02, 3.78854626e-02,
       3.78854626e-02, 3.81371932e-02, 3.81371932e-02, 3.82630585e-02,
       3.82630585e-02, 3.90182505e-02, 3.90182505e-02, 3.95217118e-02,
       3.95217118e-02, 3.96475771e-02, 3.96475771e-02, 3.98993077e-02,
       3.98993077e-02, 4.01510384e-02, 4.01510384e-02, 4.02769037e-02,
       4.02769037e-02, 4.04027690e-02, 4.04027690e-02, 4.06544997e-02,
       4.06544997e-02, 4.09062303e-02, 4.09062303e-02, 4.12838263e-02,
       4.12838263e-02, 4.14096916e-02, 4.14096916e-02, 4.17872876e-02,
       4.17872876e-02, 4.22907489e-02, 4.22907489e-02, 4.26683449e-02,
       4.26683449e-02, 4.27942102e-02, 4.27942102e-02, 4.29200755e-02,
       4.29200755e-02, 4.32976715e-02, 4.32976715e-02, 4.35494021e-02,
       4.35494021e-02, 4.38011328e-02, 4.38011328e-02, 4.40528634e-02,
       4.40528634e-02, 4.43045941e-02, 4.43045941e-02, 4.45563247e-02,
       4.45563247e-02, 4.46821901e-02, 4.46821901e-02, 4.50597860e-02,
       4.50597860e-02, 4.55632473e-02, 4.55632473e-02, 4.58149780e-02,
       4.58149780e-02, 4.60667086e-02, 4.60667086e-02, 4.66960352e-02,
       4.66960352e-02, 4.68219006e-02, 4.68219006e-02, 4.70736312e-02,
       4.70736312e-02, 4.74512272e-02, 4.74512272e-02, 4.75770925e-02,
       4.75770925e-02, 4.78288232e-02, 4.78288232e-02, 4.80805538e-02,
       4.80805538e-02, 4.82064191e-02, 4.82064191e-02, 4.87098804e-02,
       4.87098804e-02, 4.97168030e-02, 4.97168030e-02, 5.05978603e-02,
       5.05978603e-02, 5.09754563e-02, 5.09754563e-02, 5.16047829e-02,
       5.16047829e-02, 5.22341095e-02, 5.22341095e-02, 5.37444934e-02,
       5.37444934e-02, 5.38703587e-02, 5.38703587e-02, 5.39962240e-02,
       5.39962240e-02, 5.63876652e-02, 5.63876652e-02, 5.68911265e-02,
       5.68911265e-02, 5.70169918e-02, 5.70169918e-02, 5.78980491e-02,
       5.78980491e-02, 5.84015104e-02, 5.84015104e-02, 5.85273757e-02,
       5.85273757e-02, 5.91567023e-02, 5.91567023e-02, 6.06670862e-02,
       6.06670862e-02, 6.25550661e-02, 6.25550661e-02, 6.33102580e-02,
       6.33102580e-02, 6.34361233e-02, 6.34361233e-02, 6.38137193e-02,
       6.38137193e-02, 6.40654500e-02, 6.40654500e-02, 6.50723726e-02,
       6.50723726e-02, 6.51982379e-02, 6.51982379e-02, 6.55758339e-02,
       6.55758339e-02, 6.57016992e-02, 6.57016992e-02, 6.58275645e-02,
       6.58275645e-02, 6.63310258e-02, 6.63310258e-02, 6.70862177e-02,
       6.70862177e-02, 6.72120831e-02, 6.72120831e-02, 6.74638137e-02,
       6.74638137e-02, 6.83448710e-02, 6.83448710e-02, 6.84707363e-02,
       6.84707363e-02, 6.98552549e-02, 6.98552549e-02, 7.06104468e-02,
       7.06104468e-02, 7.09880428e-02, 7.09880428e-02, 7.28760227e-02,
       7.28760227e-02, 7.30018880e-02, 7.30018880e-02, 7.36312146e-02,
       7.36312146e-02, 7.37570799e-02, 7.37570799e-02, 7.41346759e-02,
       7.41346759e-02, 7.43864065e-02, 7.43864065e-02, 7.48898678e-02,
       7.48898678e-02, 7.57709251e-02, 7.57709251e-02, 7.62743864e-02,
       7.62743864e-02, 7.66519824e-02, 7.66519824e-02, 7.71554437e-02,
       7.71554437e-02, 7.76589050e-02, 7.76589050e-02, 7.81623663e-02,
       7.81623663e-02, 7.90434235e-02, 7.90434235e-02, 7.96727502e-02,
       7.96727502e-02, 7.97986155e-02, 7.97986155e-02, 8.50849591e-02,
       8.50849591e-02, 8.68470736e-02, 8.68470736e-02, 8.69729390e-02,
       8.69729390e-02, 8.84833228e-02, 8.84833228e-02, 8.92385148e-02,
       8.92385148e-02, 8.98678414e-02, 8.98678414e-02, 9.07488987e-02,
       9.07488987e-02, 9.28886092e-02, 9.28886092e-02, 9.30144745e-02,
       9.30144745e-02, 9.42731278e-02, 9.42731278e-02, 9.61611076e-02,
       9.61611076e-02, 9.66645689e-02, 9.66645689e-02, 9.77973568e-02,
       9.77973568e-02, 9.96853367e-02, 9.96853367e-02, 1.00314663e-01,
       1.00314663e-01, 1.01321586e-01, 1.01321586e-01, 1.05223411e-01,
       1.05223411e-01, 1.05852738e-01, 1.05852738e-01, 1.06230334e-01,
       1.06230334e-01, 1.08495909e-01, 1.08495909e-01, 1.10887351e-01,
       1.10887351e-01, 1.11642542e-01, 1.11642542e-01, 1.13656388e-01,
       1.13656388e-01, 1.15418502e-01, 1.15418502e-01, 1.17558213e-01,
       1.17558213e-01, 1.19949654e-01, 1.19949654e-01, 1.21585903e-01,
       1.21585903e-01, 1.27879169e-01, 1.27879169e-01, 1.31277533e-01,
       1.31277533e-01, 1.34298301e-01, 1.34298301e-01, 1.35808685e-01,
       1.35808685e-01, 1.39332914e-01, 1.39332914e-01, 1.39836375e-01,
       1.39836375e-01, 1.39962240e-01, 1.39962240e-01, 1.41346759e-01,
       1.41346759e-01, 1.42857143e-01, 1.42857143e-01, 1.43989931e-01,
       1.43989931e-01, 1.46003776e-01, 1.46003776e-01, 1.46129641e-01,
       1.46129641e-01, 1.48395217e-01, 1.48395217e-01, 1.77470107e-01,
       1.77470107e-01, 1.84770296e-01, 1.84770296e-01, 1.84896161e-01,
       1.84896161e-01, 1.85273757e-01, 1.85273757e-01, 1.86028949e-01,
       1.86028949e-01, 1.86406545e-01, 1.86406545e-01, 1.90937697e-01,
       1.90937697e-01, 1.94461926e-01, 1.94461926e-01, 2.06167401e-01,
       2.06167401e-01, 2.10572687e-01, 2.10572687e-01, 2.19257395e-01,
       2.19257395e-01, 2.28949025e-01, 2.28949025e-01, 2.31843927e-01,
       2.31843927e-01, 2.61422278e-01, 2.61422278e-01, 2.80679673e-01,
       2.80679673e-01, 3.14537445e-01, 3.14537445e-01, 3.40465702e-01,
       3.40465702e-01, 3.79609817e-01, 3.79609817e-01, 5.23599748e-01,
       5.23599748e-01, 1.00000000e+00]), 1: array([0.        , 0.        , 0.        , ..., 0.76228626, 0.76228626,
       1.        ], shape=(1330,)), 2: array([0.        , 0.        , 0.        , ..., 0.86639222, 0.86639222,
       1.        ], shape=(1882,)), 3: array([0.00000000e+00, 0.00000000e+00, 0.00000000e+00, 1.25738715e-04,
       1.25738715e-04, 2.51477430e-04, 2.51477430e-04, 3.77216145e-04,
       3.77216145e-04, 5.02954860e-04, 5.02954860e-04, 6.28693575e-04,
       6.28693575e-04, 7.54432290e-04, 7.54432290e-04, 8.80171005e-04,
       8.80171005e-04, 1.00590972e-03, 1.00590972e-03, 1.13164843e-03,
       1.13164843e-03, 1.25738715e-03, 1.25738715e-03, 1.38312586e-03,
       1.38312586e-03, 1.50886458e-03, 1.50886458e-03, 1.63460329e-03,
       1.63460329e-03, 1.76034201e-03, 1.76034201e-03, 1.88608072e-03,
       1.88608072e-03, 2.01181944e-03, 2.01181944e-03, 2.26329687e-03,
       2.26329687e-03, 2.38903558e-03, 2.38903558e-03, 2.51477430e-03,
       2.51477430e-03, 2.64051301e-03, 2.64051301e-03, 2.76625173e-03,
       2.76625173e-03, 2.89199044e-03, 2.89199044e-03, 3.01772916e-03,
       3.01772916e-03, 3.14346787e-03, 3.14346787e-03, 3.26920659e-03,
       3.26920659e-03, 3.39494530e-03, 3.39494530e-03, 3.52068402e-03,
       3.52068402e-03, 3.64642273e-03, 3.64642273e-03, 3.89790016e-03,
       3.89790016e-03, 4.02363888e-03, 4.02363888e-03, 4.14937759e-03,
       4.14937759e-03, 4.27511631e-03, 4.27511631e-03, 4.40085502e-03,
       4.40085502e-03, 4.52659374e-03, 4.52659374e-03, 4.77807117e-03,
       4.77807117e-03, 4.90380988e-03, 4.90380988e-03, 5.28102603e-03,
       5.28102603e-03, 5.40676474e-03, 5.40676474e-03, 5.53250346e-03,
       5.53250346e-03, 5.65824217e-03, 5.65824217e-03, 5.78398089e-03,
       5.78398089e-03, 5.90971960e-03, 5.90971960e-03, 6.03545832e-03,
       6.03545832e-03, 6.16119703e-03, 6.16119703e-03, 6.28693575e-03,
       6.28693575e-03, 6.41267446e-03, 6.41267446e-03, 6.53841318e-03,
       6.53841318e-03, 6.66415189e-03, 6.66415189e-03, 6.78989061e-03,
       6.78989061e-03, 6.91562932e-03, 6.91562932e-03, 7.04136804e-03,
       7.04136804e-03, 7.16710675e-03, 7.16710675e-03, 7.29284547e-03,
       7.29284547e-03, 7.54432290e-03, 7.54432290e-03, 7.67006161e-03,
       7.67006161e-03, 7.79580033e-03, 7.79580033e-03, 8.04727776e-03,
       8.04727776e-03, 8.29875519e-03, 8.29875519e-03, 8.55023262e-03,
       8.55023262e-03, 8.67597133e-03, 8.67597133e-03, 8.80171005e-03,
       8.80171005e-03, 9.05318748e-03, 9.05318748e-03, 9.17892619e-03,
       9.17892619e-03, 9.30466491e-03, 9.30466491e-03, 9.43040362e-03,
       9.43040362e-03, 9.55614234e-03, 9.55614234e-03, 9.68188105e-03,
       9.68188105e-03, 9.93335848e-03, 9.93335848e-03, 1.00590972e-02,
       1.00590972e-02, 1.03105746e-02, 1.03105746e-02, 1.04363133e-02,
       1.04363133e-02, 1.05620521e-02, 1.05620521e-02, 1.06877908e-02,
       1.06877908e-02, 1.08135295e-02, 1.08135295e-02, 1.09392682e-02,
       1.09392682e-02, 1.10650069e-02, 1.10650069e-02, 1.13164843e-02,
       1.13164843e-02, 1.15679618e-02, 1.15679618e-02, 1.18194392e-02,
       1.18194392e-02, 1.19451779e-02, 1.19451779e-02, 1.20709166e-02,
       1.20709166e-02, 1.21966554e-02, 1.21966554e-02, 1.25738715e-02,
       1.25738715e-02, 1.30768264e-02, 1.30768264e-02, 1.33283038e-02,
       1.33283038e-02, 1.35797812e-02, 1.35797812e-02, 1.37055199e-02,
       1.37055199e-02, 1.39569974e-02, 1.39569974e-02, 1.42084748e-02,
       1.42084748e-02, 1.43342135e-02, 1.43342135e-02, 1.44599522e-02,
       1.44599522e-02, 1.48371684e-02, 1.48371684e-02, 1.49629071e-02,
       1.49629071e-02, 1.52143845e-02, 1.52143845e-02, 1.53401232e-02,
       1.53401232e-02, 1.54658619e-02, 1.54658619e-02, 1.60945555e-02,
       1.60945555e-02, 1.65975104e-02, 1.65975104e-02, 1.68489878e-02,
       1.68489878e-02, 1.72262039e-02, 1.72262039e-02, 1.73519427e-02,
       1.73519427e-02, 1.74776814e-02, 1.74776814e-02, 1.76034201e-02,
       1.76034201e-02, 1.77291588e-02, 1.77291588e-02, 1.78548975e-02,
       1.78548975e-02, 1.79806362e-02, 1.79806362e-02, 1.82321137e-02,
       1.82321137e-02, 1.84835911e-02, 1.84835911e-02, 1.87350685e-02,
       1.87350685e-02, 1.89865460e-02, 1.89865460e-02, 1.91122847e-02,
       1.91122847e-02, 1.93637621e-02, 1.93637621e-02, 1.94895008e-02,
       1.94895008e-02, 1.96152395e-02, 1.96152395e-02, 1.97409782e-02,
       1.97409782e-02, 1.98667170e-02, 1.98667170e-02, 1.99924557e-02,
       1.99924557e-02, 2.01181944e-02, 2.01181944e-02, 2.08726267e-02,
       2.08726267e-02, 2.09983654e-02, 2.09983654e-02, 2.12498428e-02,
       2.12498428e-02, 2.13755815e-02, 2.13755815e-02, 2.15013203e-02,
       2.15013203e-02, 2.16270590e-02, 2.16270590e-02, 2.21300138e-02,
       2.21300138e-02, 2.22557525e-02, 2.22557525e-02, 2.25072300e-02,
       2.25072300e-02, 2.27587074e-02, 2.27587074e-02, 2.28844461e-02,
       2.28844461e-02, 2.30101848e-02, 2.30101848e-02, 2.32616623e-02,
       2.32616623e-02, 2.35131397e-02, 2.35131397e-02, 2.36388784e-02,
       2.36388784e-02, 2.37646171e-02, 2.37646171e-02, 2.41418333e-02,
       2.41418333e-02, 2.42675720e-02, 2.42675720e-02, 2.43933107e-02,
       2.43933107e-02, 2.46447881e-02, 2.46447881e-02, 2.48962656e-02,
       2.48962656e-02, 2.50220043e-02, 2.50220043e-02, 2.53992204e-02,
       2.53992204e-02, 2.55249591e-02, 2.55249591e-02, 2.56506978e-02,
       2.56506978e-02, 2.57764366e-02, 2.57764366e-02, 2.59021753e-02,
       2.59021753e-02, 2.60279140e-02, 2.60279140e-02, 2.66566076e-02,
       2.66566076e-02, 2.67823463e-02, 2.67823463e-02, 2.71595624e-02,
       2.71595624e-02, 2.75367786e-02, 2.75367786e-02, 2.77882560e-02,
       2.77882560e-02, 2.79139947e-02, 2.79139947e-02, 2.82912109e-02,
       2.82912109e-02, 2.84169496e-02, 2.84169496e-02, 2.92971206e-02,
       2.92971206e-02, 2.94228593e-02, 2.94228593e-02, 2.95485980e-02,
       2.95485980e-02, 2.96743367e-02, 2.96743367e-02, 2.98000754e-02,
       2.98000754e-02, 2.99258142e-02, 2.99258142e-02, 3.01772916e-02,
       3.01772916e-02, 3.03030303e-02, 3.03030303e-02, 3.05545077e-02,
       3.05545077e-02, 3.06802464e-02, 3.06802464e-02, 3.13089400e-02,
       3.13089400e-02, 3.14346787e-02, 3.14346787e-02, 3.16861562e-02,
       3.16861562e-02, 3.19376336e-02, 3.19376336e-02, 3.20633723e-02,
       3.20633723e-02, 3.24405885e-02, 3.24405885e-02, 3.26920659e-02,
       3.26920659e-02, 3.31950207e-02, 3.31950207e-02, 3.35722369e-02,
       3.35722369e-02, 3.45781466e-02, 3.45781466e-02, 3.48296240e-02,
       3.48296240e-02, 3.49553628e-02, 3.49553628e-02, 3.50811015e-02,
       3.50811015e-02, 3.54583176e-02, 3.54583176e-02, 3.62127499e-02,
       3.62127499e-02, 3.63384886e-02, 3.63384886e-02, 3.65899661e-02,
       3.65899661e-02, 3.70929209e-02, 3.70929209e-02, 3.74701371e-02,
       3.74701371e-02, 3.75958758e-02, 3.75958758e-02, 3.80988306e-02,
       3.80988306e-02, 3.87275242e-02, 3.87275242e-02, 3.88532629e-02,
       3.88532629e-02, 3.89790016e-02, 3.89790016e-02, 3.92304791e-02,
       3.92304791e-02, 3.98591726e-02, 3.98591726e-02, 4.03621275e-02,
       4.03621275e-02, 4.06136049e-02, 4.06136049e-02, 4.09908211e-02,
       4.09908211e-02, 4.16195146e-02, 4.16195146e-02, 4.19967308e-02,
       4.19967308e-02, 4.21224695e-02, 4.21224695e-02, 4.23739469e-02,
       4.23739469e-02, 4.28769018e-02, 4.28769018e-02, 4.31283792e-02,
       4.31283792e-02, 4.33798567e-02, 4.33798567e-02, 4.56431535e-02,
       4.56431535e-02, 4.62718471e-02, 4.62718471e-02, 4.66490632e-02,
       4.66490632e-02, 4.71520181e-02, 4.71520181e-02, 4.76549730e-02,
       4.76549730e-02, 4.82836665e-02, 4.82836665e-02, 5.02954860e-02,
       5.02954860e-02, 5.07984408e-02, 5.07984408e-02, 5.13013957e-02,
       5.13013957e-02, 5.15528731e-02, 5.15528731e-02, 5.16786118e-02,
       5.16786118e-02, 5.19300893e-02, 5.19300893e-02, 5.23073054e-02,
       5.23073054e-02, 5.26845216e-02, 5.26845216e-02, 5.29359990e-02,
       5.29359990e-02, 5.30617377e-02, 5.30617377e-02, 5.35646926e-02,
       5.35646926e-02, 5.46963410e-02, 5.46963410e-02, 5.51992959e-02,
       5.51992959e-02, 5.57022507e-02, 5.57022507e-02, 5.62052056e-02,
       5.62052056e-02, 5.64566830e-02, 5.64566830e-02, 5.65824217e-02,
       5.65824217e-02, 5.70853766e-02, 5.70853766e-02, 5.72111153e-02,
       5.72111153e-02, 5.77140702e-02, 5.77140702e-02, 5.79655476e-02,
       5.79655476e-02, 5.83427637e-02, 5.83427637e-02, 5.88457186e-02,
       5.88457186e-02, 5.99773670e-02, 5.99773670e-02, 6.04803219e-02,
       6.04803219e-02, 6.16119703e-02, 6.16119703e-02, 6.26178800e-02,
       6.26178800e-02, 6.41267446e-02, 6.41267446e-02, 6.42524833e-02,
       6.42524833e-02, 6.50069156e-02, 6.50069156e-02, 6.52583931e-02,
       6.52583931e-02, 6.53841318e-02, 6.53841318e-02, 6.55098705e-02,
       6.55098705e-02, 6.75216899e-02, 6.75216899e-02, 6.80246448e-02,
       6.80246448e-02, 6.84018609e-02, 6.84018609e-02, 6.89048158e-02,
       6.89048158e-02, 6.90305545e-02, 6.90305545e-02, 6.96592481e-02,
       6.96592481e-02, 7.12938514e-02, 7.12938514e-02, 7.41858418e-02,
       7.41858418e-02, 7.53174903e-02, 7.53174903e-02, 7.60719225e-02,
       7.60719225e-02, 7.63234000e-02, 7.63234000e-02, 7.65748774e-02,
       7.65748774e-02, 7.67006161e-02, 7.67006161e-02, 7.69520935e-02,
       7.69520935e-02, 7.88381743e-02, 7.88381743e-02, 8.13529486e-02,
       8.13529486e-02, 8.18559034e-02, 8.18559034e-02, 8.28618132e-02,
       8.28618132e-02, 8.37419842e-02, 8.37419842e-02, 8.42449390e-02,
       8.42449390e-02, 8.49993713e-02, 8.49993713e-02, 8.55023262e-02,
       8.55023262e-02, 8.61310197e-02, 8.61310197e-02, 8.62567585e-02,
       8.62567585e-02, 8.66339746e-02, 8.66339746e-02, 8.67597133e-02,
       8.67597133e-02, 8.70111907e-02, 8.70111907e-02, 8.80171005e-02,
       8.80171005e-02, 8.85200553e-02, 8.85200553e-02, 9.02803973e-02,
       9.02803973e-02, 9.07833522e-02, 9.07833522e-02, 9.09090909e-02,
       9.09090909e-02, 9.12863071e-02, 9.12863071e-02, 9.30466491e-02,
       9.30466491e-02, 9.39268201e-02, 9.39268201e-02, 9.40525588e-02,
       9.40525588e-02, 9.43040362e-02, 9.43040362e-02, 9.55614234e-02,
       9.55614234e-02, 9.56871621e-02, 9.56871621e-02, 9.79504589e-02,
       9.79504589e-02, 9.85791525e-02, 9.85791525e-02, 1.00088017e-01,
       1.00088017e-01, 1.00968188e-01, 1.00968188e-01, 1.02351314e-01,
       1.02351314e-01, 1.02477053e-01, 1.02477053e-01, 1.02602791e-01,
       1.02602791e-01, 1.04866088e-01, 1.04866088e-01, 1.09266943e-01,
       1.09266943e-01, 1.10524330e-01, 1.10524330e-01, 1.12284672e-01,
       1.12284672e-01, 1.13039105e-01, 1.13039105e-01, 1.14673708e-01,
       1.14673708e-01, 1.14925185e-01, 1.14925185e-01, 1.16937005e-01,
       1.16937005e-01, 1.17817176e-01, 1.17817176e-01, 1.18068653e-01,
       1.18068653e-01, 1.20960644e-01, 1.20960644e-01, 1.21463599e-01,
       1.21463599e-01, 1.24481328e-01, 1.24481328e-01, 1.24858544e-01,
       1.24858544e-01, 1.24984283e-01, 1.24984283e-01, 1.25361499e-01,
       1.25361499e-01, 1.26367409e-01, 1.26367409e-01, 1.27624796e-01,
       1.27624796e-01, 1.27750534e-01, 1.27750534e-01, 1.28127751e-01,
       1.28127751e-01, 1.32654344e-01, 1.32654344e-01, 1.36175028e-01,
       1.36175028e-01, 1.41330316e-01, 1.41330316e-01, 1.41456054e-01,
       1.41456054e-01, 1.41707532e-01, 1.41707532e-01, 1.45856909e-01,
       1.45856909e-01, 1.47240035e-01, 1.47240035e-01, 1.47617251e-01,
       1.47617251e-01, 1.51515152e-01, 1.51515152e-01, 1.52646800e-01,
       1.52646800e-01, 1.58305042e-01, 1.58305042e-01, 1.61448510e-01,
       1.61448510e-01, 1.65849365e-01, 1.65849365e-01, 1.68615617e-01,
       1.68615617e-01, 1.68867094e-01, 1.68867094e-01, 1.71633346e-01,
       1.71633346e-01, 1.74148120e-01, 1.74148120e-01, 1.75782724e-01,
       1.75782724e-01, 1.76662895e-01, 1.76662895e-01, 1.80183579e-01,
       1.80183579e-01, 1.82572614e-01, 1.82572614e-01, 1.84584434e-01,
       1.84584434e-01, 1.89362505e-01, 1.89362505e-01, 1.94140576e-01,
       1.94140576e-01, 1.98415692e-01, 1.98415692e-01, 2.11241041e-01,
       2.11241041e-01, 2.15390419e-01, 2.15390419e-01, 2.16396328e-01,
       2.16396328e-01, 2.17527977e-01, 2.17527977e-01, 2.20797183e-01,
       2.20797183e-01, 2.22431787e-01, 2.22431787e-01, 2.24192129e-01,
       2.24192129e-01, 2.24946561e-01, 2.24946561e-01, 2.31359236e-01,
       2.31359236e-01, 2.33874010e-01, 2.33874010e-01, 2.35508613e-01,
       2.35508613e-01, 2.38023387e-01, 2.38023387e-01, 2.41669810e-01,
       2.41669810e-01, 2.44813278e-01, 2.44813278e-01, 2.45316233e-01,
       2.45316233e-01, 2.46950836e-01, 2.46950836e-01, 2.47076575e-01,
       2.47076575e-01, 2.47202314e-01, 2.47202314e-01, 2.52357601e-01,
       2.52357601e-01, 2.59524708e-01, 2.59524708e-01, 2.64177040e-01,
       2.64177040e-01, 2.66063121e-01, 2.66063121e-01, 2.67069031e-01,
       2.67069031e-01, 2.68829373e-01, 2.68829373e-01, 2.71218408e-01,
       2.71218408e-01, 2.72601534e-01, 2.72601534e-01, 2.73104489e-01,
       2.73104489e-01, 2.83540802e-01, 2.83540802e-01, 2.88193135e-01,
       2.88193135e-01, 2.90204954e-01, 2.90204954e-01, 2.95988935e-01,
       2.95988935e-01, 2.97372061e-01, 2.97372061e-01, 3.00641267e-01,
       3.00641267e-01, 3.02150132e-01, 3.02150132e-01, 3.08059852e-01,
       3.08059852e-01, 3.10071671e-01, 3.10071671e-01, 3.13215139e-01,
       3.13215139e-01, 3.13718094e-01, 3.13718094e-01, 3.14095310e-01,
       3.14095310e-01, 3.15226958e-01, 3.15226958e-01, 3.20759462e-01,
       3.20759462e-01, 3.21136678e-01, 3.21136678e-01, 3.26417704e-01,
       3.26417704e-01, 3.32453162e-01, 3.32453162e-01, 3.42135043e-01,
       3.42135043e-01, 3.44649818e-01, 3.44649818e-01, 3.45655727e-01,
       3.45655727e-01, 3.52068402e-01, 3.52068402e-01, 3.57978121e-01,
       3.57978121e-01, 3.61373067e-01, 3.61373067e-01, 3.66276877e-01,
       3.66276877e-01, 3.67785741e-01, 3.67785741e-01, 3.72941029e-01,
       3.72941029e-01, 3.75078587e-01, 3.75078587e-01, 3.77593361e-01,
       3.77593361e-01, 3.81491261e-01, 3.81491261e-01, 3.93813655e-01,
       3.93813655e-01, 4.02489627e-01, 4.02489627e-01, 4.16823840e-01,
       4.16823840e-01, 4.58820571e-01, 4.58820571e-01, 4.64101597e-01,
       4.64101597e-01, 4.67496542e-01, 4.67496542e-01, 4.68753929e-01,
       4.68753929e-01, 4.71017226e-01, 4.71017226e-01, 4.74160694e-01,
       4.74160694e-01, 4.87363259e-01, 4.87363259e-01, 4.89375079e-01,
       4.89375079e-01, 5.02954860e-01, 5.02954860e-01, 5.11127876e-01,
       5.11127876e-01, 5.11630831e-01, 5.11630831e-01, 5.17414812e-01,
       5.17414812e-01, 5.17792028e-01, 5.17792028e-01, 5.19049415e-01,
       5.19049415e-01, 5.21312712e-01, 5.21312712e-01, 5.23198793e-01,
       5.23198793e-01, 5.24330441e-01, 5.24330441e-01, 5.25336351e-01,
       5.25336351e-01, 5.33760845e-01, 5.33760845e-01, 5.35521187e-01,
       5.35521187e-01, 5.36149881e-01, 5.36149881e-01, 5.37030052e-01,
       5.37030052e-01, 5.49226707e-01, 5.49226707e-01, 5.62177795e-01,
       5.62177795e-01, 5.65824217e-01, 5.65824217e-01, 5.70476550e-01,
       5.70476550e-01, 5.80535647e-01, 5.80535647e-01, 5.81290079e-01,
       5.81290079e-01, 5.98516283e-01, 5.98516283e-01, 6.10461461e-01,
       6.10461461e-01, 6.25047152e-01, 6.25047152e-01, 1.00000000e+00]), 4: array([0.00000000e+00, 0.00000000e+00, 0.00000000e+00, 1.28949065e-04,
       1.28949065e-04, 2.57898130e-04, 2.57898130e-04, 3.86847195e-04,
       3.86847195e-04, 5.15796260e-04, 5.15796260e-04, 6.44745326e-04,
       6.44745326e-04, 7.73694391e-04, 7.73694391e-04, 9.02643456e-04,
       9.02643456e-04, 1.03159252e-03, 1.03159252e-03, 1.16054159e-03,
       1.16054159e-03, 1.41843972e-03, 1.41843972e-03, 1.54738878e-03,
       1.54738878e-03, 1.67633785e-03, 1.67633785e-03, 1.80528691e-03,
       1.80528691e-03, 1.93423598e-03, 1.93423598e-03, 2.06318504e-03,
       2.06318504e-03, 2.32108317e-03, 2.32108317e-03, 2.57898130e-03,
       2.57898130e-03, 2.70793037e-03, 2.70793037e-03, 2.83687943e-03,
       2.83687943e-03, 2.96582850e-03, 2.96582850e-03, 3.09477756e-03,
       3.09477756e-03, 3.22372663e-03, 3.22372663e-03, 3.35267569e-03,
       3.35267569e-03, 3.48162476e-03, 3.48162476e-03, 3.61057382e-03,
       3.61057382e-03, 3.73952289e-03, 3.73952289e-03, 3.86847195e-03,
       3.86847195e-03, 3.99742102e-03, 3.99742102e-03, 4.12637008e-03,
       4.12637008e-03, 4.25531915e-03, 4.25531915e-03, 4.38426821e-03,
       4.38426821e-03, 4.51321728e-03, 4.51321728e-03, 4.77111541e-03,
       4.77111541e-03, 4.90006447e-03, 4.90006447e-03, 5.02901354e-03,
       5.02901354e-03, 5.15796260e-03, 5.15796260e-03, 5.28691167e-03,
       5.28691167e-03, 5.54480980e-03, 5.54480980e-03, 5.67375887e-03,
       5.67375887e-03, 5.93165700e-03, 5.93165700e-03, 6.06060606e-03,
       6.06060606e-03, 6.18955513e-03, 6.18955513e-03, 6.31850419e-03,
       6.31850419e-03, 6.44745326e-03, 6.44745326e-03, 6.57640232e-03,
       6.57640232e-03, 6.70535139e-03, 6.70535139e-03, 6.83430045e-03,
       6.83430045e-03, 6.96324952e-03, 6.96324952e-03, 7.09219858e-03,
       7.09219858e-03, 7.22114765e-03, 7.22114765e-03, 7.35009671e-03,
       7.35009671e-03, 7.47904578e-03, 7.47904578e-03, 7.73694391e-03,
       7.73694391e-03, 7.86589297e-03, 7.86589297e-03, 7.99484204e-03,
       7.99484204e-03, 8.12379110e-03, 8.12379110e-03, 8.25274017e-03,
       8.25274017e-03, 8.51063830e-03, 8.51063830e-03, 8.63958736e-03,
       8.63958736e-03, 8.89748549e-03, 8.89748549e-03, 9.15538362e-03,
       9.15538362e-03, 9.28433269e-03, 9.28433269e-03, 9.67117988e-03,
       9.67117988e-03, 9.80012895e-03, 9.80012895e-03, 1.00580271e-02,
       1.00580271e-02, 1.01869761e-02, 1.01869761e-02, 1.03159252e-02,
       1.03159252e-02, 1.04448743e-02, 1.04448743e-02, 1.05738233e-02,
       1.05738233e-02, 1.07027724e-02, 1.07027724e-02, 1.08317215e-02,
       1.08317215e-02, 1.10896196e-02, 1.10896196e-02, 1.12185687e-02,
       1.12185687e-02, 1.13475177e-02, 1.13475177e-02, 1.14764668e-02,
       1.14764668e-02, 1.18633140e-02, 1.18633140e-02, 1.19922631e-02,
       1.19922631e-02, 1.21212121e-02, 1.21212121e-02, 1.22501612e-02,
       1.22501612e-02, 1.23791103e-02, 1.23791103e-02, 1.25080593e-02,
       1.25080593e-02, 1.26370084e-02, 1.26370084e-02, 1.27659574e-02,
       1.27659574e-02, 1.28949065e-02, 1.28949065e-02, 1.31528046e-02,
       1.31528046e-02, 1.34107028e-02, 1.34107028e-02, 1.35396518e-02,
       1.35396518e-02, 1.37975500e-02, 1.37975500e-02, 1.39264990e-02,
       1.39264990e-02, 1.40554481e-02, 1.40554481e-02, 1.41843972e-02,
       1.41843972e-02, 1.43133462e-02, 1.43133462e-02, 1.44422953e-02,
       1.44422953e-02, 1.45712444e-02, 1.45712444e-02, 1.47001934e-02,
       1.47001934e-02, 1.48291425e-02, 1.48291425e-02, 1.49580916e-02,
       1.49580916e-02, 1.50870406e-02, 1.50870406e-02, 1.52159897e-02,
       1.52159897e-02, 1.53449387e-02, 1.53449387e-02, 1.54738878e-02,
       1.54738878e-02, 1.56028369e-02, 1.56028369e-02, 1.58607350e-02,
       1.58607350e-02, 1.59896841e-02, 1.59896841e-02, 1.62475822e-02,
       1.62475822e-02, 1.63765313e-02, 1.63765313e-02, 1.66344294e-02,
       1.66344294e-02, 1.67633785e-02, 1.67633785e-02, 1.68923275e-02,
       1.68923275e-02, 1.70212766e-02, 1.70212766e-02, 1.71502257e-02,
       1.71502257e-02, 1.72791747e-02, 1.72791747e-02, 1.74081238e-02,
       1.74081238e-02, 1.76660219e-02, 1.76660219e-02, 1.77949710e-02,
       1.77949710e-02, 1.80528691e-02, 1.80528691e-02, 1.81818182e-02,
       1.81818182e-02, 1.83107672e-02, 1.83107672e-02, 1.84397163e-02,
       1.84397163e-02, 1.85686654e-02, 1.85686654e-02, 1.86976144e-02,
       1.86976144e-02, 1.88265635e-02, 1.88265635e-02, 1.89555126e-02,
       1.89555126e-02, 1.90844616e-02, 1.90844616e-02, 1.96002579e-02,
       1.96002579e-02, 1.97292070e-02, 1.97292070e-02, 2.01160542e-02,
       2.01160542e-02, 2.02450032e-02, 2.02450032e-02, 2.08897485e-02,
       2.08897485e-02, 2.10186976e-02, 2.10186976e-02, 2.11476467e-02,
       2.11476467e-02, 2.12765957e-02, 2.12765957e-02, 2.15344939e-02,
       2.15344939e-02, 2.16634429e-02, 2.16634429e-02, 2.19213411e-02,
       2.19213411e-02, 2.20502901e-02, 2.20502901e-02, 2.23081883e-02,
       2.23081883e-02, 2.24371373e-02, 2.24371373e-02, 2.25660864e-02,
       2.25660864e-02, 2.28239845e-02, 2.28239845e-02, 2.29529336e-02,
       2.29529336e-02, 2.30818827e-02, 2.30818827e-02, 2.34687299e-02,
       2.34687299e-02, 2.37266280e-02, 2.37266280e-02, 2.38555770e-02,
       2.38555770e-02, 2.41134752e-02, 2.41134752e-02, 2.42424242e-02,
       2.42424242e-02, 2.43713733e-02, 2.43713733e-02, 2.46292714e-02,
       2.46292714e-02, 2.47582205e-02, 2.47582205e-02, 2.51450677e-02,
       2.51450677e-02, 2.54029658e-02, 2.54029658e-02, 2.59187621e-02,
       2.59187621e-02, 2.60477112e-02, 2.60477112e-02, 2.61766602e-02,
       2.61766602e-02, 2.63056093e-02, 2.63056093e-02, 2.64345583e-02,
       2.64345583e-02, 2.65635074e-02, 2.65635074e-02, 2.66924565e-02,
       2.66924565e-02, 2.69503546e-02, 2.69503546e-02, 2.72082527e-02,
       2.72082527e-02, 2.74661509e-02, 2.74661509e-02, 2.75950999e-02,
       2.75950999e-02, 2.78529981e-02, 2.78529981e-02, 2.79819471e-02,
       2.79819471e-02, 2.87556415e-02, 2.87556415e-02, 2.91424887e-02,
       2.91424887e-02, 2.94003868e-02, 2.94003868e-02, 2.95293359e-02,
       2.95293359e-02, 3.00451322e-02, 3.00451322e-02, 3.03030303e-02,
       3.03030303e-02, 3.04319794e-02, 3.04319794e-02, 3.06898775e-02,
       3.06898775e-02, 3.09477756e-02, 3.09477756e-02, 3.10767247e-02,
       3.10767247e-02, 3.15925210e-02, 3.15925210e-02, 3.19793681e-02,
       3.19793681e-02, 3.23662153e-02, 3.23662153e-02, 3.32688588e-02,
       3.32688588e-02, 3.36557060e-02, 3.36557060e-02, 3.37846551e-02,
       3.37846551e-02, 3.40425532e-02, 3.40425532e-02, 3.43004513e-02,
       3.43004513e-02, 3.44294004e-02, 3.44294004e-02, 3.45583495e-02,
       3.45583495e-02, 3.46872985e-02, 3.46872985e-02, 3.52030948e-02,
       3.52030948e-02, 3.53320438e-02, 3.53320438e-02, 3.54609929e-02,
       3.54609929e-02, 3.55899420e-02, 3.55899420e-02, 3.57188910e-02,
       3.57188910e-02, 3.58478401e-02, 3.58478401e-02, 3.59767892e-02,
       3.59767892e-02, 3.64925854e-02, 3.64925854e-02, 3.71373308e-02,
       3.71373308e-02, 3.75241779e-02, 3.75241779e-02, 3.77820761e-02,
       3.77820761e-02, 3.79110251e-02, 3.79110251e-02, 3.88136686e-02,
       3.88136686e-02, 3.90715667e-02, 3.90715667e-02, 3.93294649e-02,
       3.93294649e-02, 3.97163121e-02, 3.97163121e-02, 4.02321083e-02,
       4.02321083e-02, 4.03610574e-02, 4.03610574e-02, 4.06189555e-02,
       4.06189555e-02, 4.08768536e-02, 4.08768536e-02, 4.12637008e-02,
       4.12637008e-02, 4.13926499e-02, 4.13926499e-02, 4.21663443e-02,
       4.21663443e-02, 4.24242424e-02, 4.24242424e-02, 4.26821406e-02,
       4.26821406e-02, 4.28110896e-02, 4.28110896e-02, 4.29400387e-02,
       4.29400387e-02, 4.33268859e-02, 4.33268859e-02, 4.34558349e-02,
       4.34558349e-02, 4.37137331e-02, 4.37137331e-02, 4.38426821e-02,
       4.38426821e-02, 4.39716312e-02, 4.39716312e-02, 4.46163765e-02,
       4.46163765e-02, 4.47453256e-02, 4.47453256e-02, 4.55190200e-02,
       4.55190200e-02, 4.64216634e-02, 4.64216634e-02, 4.65506125e-02,
       4.65506125e-02, 4.66795616e-02, 4.66795616e-02, 4.70664088e-02,
       4.70664088e-02, 4.75822050e-02, 4.75822050e-02, 4.77111541e-02,
       4.77111541e-02, 4.79690522e-02, 4.79690522e-02, 4.80980013e-02,
       4.80980013e-02, 4.83558994e-02, 4.83558994e-02, 4.91295938e-02,
       4.91295938e-02, 4.96453901e-02, 4.96453901e-02, 5.00322373e-02,
       5.00322373e-02, 5.04190845e-02, 5.04190845e-02, 5.05480335e-02,
       5.05480335e-02, 5.10638298e-02, 5.10638298e-02, 5.17085751e-02,
       5.17085751e-02, 5.22243714e-02, 5.22243714e-02, 5.28691167e-02,
       5.28691167e-02, 5.29980658e-02, 5.29980658e-02, 5.36428111e-02,
       5.36428111e-02, 5.37717602e-02, 5.37717602e-02, 5.53191489e-02,
       5.53191489e-02, 5.54480980e-02, 5.54480980e-02, 5.58349452e-02,
       5.58349452e-02, 5.62217924e-02, 5.62217924e-02, 5.63507415e-02,
       5.63507415e-02, 5.84139265e-02, 5.84139265e-02, 5.86718246e-02,
       5.86718246e-02, 5.94455190e-02, 5.94455190e-02, 6.06060606e-02,
       6.06060606e-02, 6.07350097e-02, 6.07350097e-02, 6.09929078e-02,
       6.09929078e-02, 6.17666022e-02, 6.17666022e-02, 6.20245003e-02,
       6.20245003e-02, 6.33139910e-02, 6.33139910e-02, 6.37008382e-02,
       6.37008382e-02, 6.39587363e-02, 6.39587363e-02, 6.53771760e-02,
       6.53771760e-02, 6.55061251e-02, 6.55061251e-02, 6.67956157e-02,
       6.67956157e-02, 6.69245648e-02, 6.69245648e-02, 6.71824629e-02,
       6.71824629e-02, 6.87298517e-02, 6.87298517e-02, 6.95035461e-02,
       6.95035461e-02, 7.00193424e-02, 7.00193424e-02, 7.06640877e-02,
       7.06640877e-02, 7.44036106e-02, 7.44036106e-02, 7.53062540e-02,
       7.53062540e-02, 7.67246937e-02, 7.67246937e-02, 7.68536428e-02,
       7.68536428e-02, 7.93036750e-02, 7.93036750e-02, 8.03352676e-02,
       8.03352676e-02, 8.17537073e-02, 8.17537073e-02, 8.18826564e-02,
       8.18826564e-02, 8.29142489e-02, 8.29142489e-02, 8.31721470e-02,
       8.31721470e-02, 8.42037395e-02, 8.42037395e-02, 8.44616377e-02,
       8.44616377e-02, 8.62669246e-02, 8.62669246e-02, 8.65248227e-02,
       8.65248227e-02, 8.67827208e-02, 8.67827208e-02, 8.79432624e-02,
       8.79432624e-02, 8.89748549e-02, 8.89748549e-02, 8.94906512e-02,
       8.94906512e-02, 9.01353965e-02, 9.01353965e-02, 9.19406834e-02,
       9.19406834e-02, 9.21985816e-02, 9.21985816e-02, 9.23275306e-02,
       9.23275306e-02, 9.25854288e-02, 9.25854288e-02, 9.37459703e-02,
       9.37459703e-02, 9.38749194e-02, 9.38749194e-02, 9.40038685e-02,
       9.40038685e-02, 9.78723404e-02, 9.78723404e-02, 9.81302386e-02,
       9.81302386e-02, 1.01225016e-01, 1.01225016e-01, 1.01482914e-01,
       1.01482914e-01, 1.03159252e-01, 1.03159252e-01, 1.03675048e-01,
       1.03675048e-01, 1.05093488e-01, 1.05093488e-01, 1.08833011e-01,
       1.08833011e-01, 1.08961960e-01, 1.08961960e-01, 1.11411992e-01,
       1.11411992e-01, 1.12701483e-01, 1.12701483e-01, 1.13733075e-01,
       1.13733075e-01, 1.13862025e-01, 1.13862025e-01, 1.15022566e-01,
       1.15022566e-01, 1.17085751e-01, 1.17085751e-01, 1.17472598e-01,
       1.17472598e-01, 1.17730496e-01, 1.17730496e-01, 1.20567376e-01,
       1.20567376e-01, 1.23662153e-01, 1.23662153e-01, 1.25209542e-01,
       1.25209542e-01, 1.26627982e-01, 1.26627982e-01, 1.28304320e-01,
       1.28304320e-01, 1.32817537e-01, 1.32817537e-01, 1.37072856e-01,
       1.37072856e-01, 1.40167634e-01, 1.40167634e-01, 1.41972921e-01,
       1.41972921e-01, 1.42101870e-01, 1.42101870e-01, 1.43391360e-01,
       1.43391360e-01, 1.48420374e-01, 1.48420374e-01, 1.49709865e-01,
       1.49709865e-01, 1.50612508e-01, 1.50612508e-01, 1.51386202e-01,
       1.51386202e-01, 1.52546744e-01, 1.52546744e-01, 1.53320438e-01,
       1.53320438e-01, 1.54609929e-01, 1.54609929e-01, 1.54738878e-01,
       1.54738878e-01, 1.56931012e-01, 1.56931012e-01, 1.57833656e-01,
       1.57833656e-01, 1.62733720e-01, 1.62733720e-01, 1.62991618e-01,
       1.62991618e-01, 1.65570600e-01, 1.65570600e-01, 1.68278530e-01,
       1.68278530e-01, 1.73565442e-01, 1.73565442e-01, 1.73694391e-01,
       1.73694391e-01, 1.73823340e-01, 1.73823340e-01, 1.75112830e-01,
       1.75112830e-01, 1.75628627e-01, 1.75628627e-01, 1.80528691e-01,
       1.80528691e-01, 1.89426177e-01, 1.89426177e-01, 1.95228885e-01,
       1.95228885e-01, 2.14442295e-01, 2.14442295e-01, 2.30818827e-01,
       2.30818827e-01, 2.33139910e-01, 2.33139910e-01, 2.39845261e-01,
       2.39845261e-01, 2.40490006e-01, 2.40490006e-01, 2.53513862e-01,
       2.53513862e-01, 2.55577047e-01, 2.55577047e-01, 2.63829787e-01,
       2.63829787e-01, 2.71437782e-01, 2.71437782e-01, 2.78787879e-01,
       2.78787879e-01, 3.00838169e-01, 3.00838169e-01, 3.06125081e-01,
       3.06125081e-01, 3.54609929e-01, 3.54609929e-01, 3.66860090e-01,
       3.66860090e-01, 3.82076080e-01, 3.82076080e-01, 4.34042553e-01,
       4.34042553e-01, 4.52998066e-01, 4.52998066e-01, 5.13475177e-01,
       5.13475177e-01, 5.30238556e-01, 5.30238556e-01, 5.68020632e-01,
       5.68020632e-01, 6.81237911e-01, 6.81237911e-01, 6.85364281e-01,
       6.85364281e-01, 7.31785945e-01, 7.31785945e-01, 7.43262411e-01,
       7.43262411e-01, 7.77562863e-01, 7.77562863e-01, 1.00000000e+00])}]","[{0: array([0.00000000e+00, 7.16845878e-04, 1.88530466e-01, 1.88530466e-01,
       2.39426523e-01, 2.39426523e-01, 2.68817204e-01, 2.68817204e-01,
       2.89605735e-01, 2.89605735e-01, 2.91039427e-01, 2.91039427e-01,
       3.33333333e-01, 3.33333333e-01, 3.42652330e-01, 3.42652330e-01,
       3.69892473e-01, 3.69892473e-01, 3.75627240e-01, 3.75627240e-01,
       3.82795699e-01, 3.82795699e-01, 3.84229391e-01, 3.84229391e-01,
       3.89964158e-01, 3.89964158e-01, 4.04301075e-01, 4.04301075e-01,
       4.10752688e-01, 4.10752688e-01, 4.12903226e-01, 4.12903226e-01,
       4.14336918e-01, 4.14336918e-01, 4.15053763e-01, 4.15053763e-01,
       4.20071685e-01, 4.20071685e-01, 4.43727599e-01, 4.43727599e-01,
       4.49462366e-01, 4.49462366e-01, 4.50896057e-01, 4.50896057e-01,
       4.63799283e-01, 4.63799283e-01, 4.69534050e-01, 4.69534050e-01,
       4.77419355e-01, 4.77419355e-01, 4.93189964e-01, 4.93189964e-01,
       5.06810036e-01, 5.06810036e-01, 5.22580645e-01, 5.22580645e-01,
       5.26881720e-01, 5.26881720e-01, 5.39068100e-01, 5.39068100e-01,
       5.47670251e-01, 5.47670251e-01, 5.49820789e-01, 5.49820789e-01,
       5.51971326e-01, 5.51971326e-01, 5.59856631e-01, 5.59856631e-01,
       5.61290323e-01, 5.61290323e-01, 5.64874552e-01, 5.64874552e-01,
       5.65591398e-01, 5.65591398e-01, 5.67025090e-01, 5.67025090e-01,
       5.67741935e-01, 5.67741935e-01, 5.68458781e-01, 5.68458781e-01,
       5.78494624e-01, 5.78494624e-01, 5.82795699e-01, 5.82795699e-01,
       5.83512545e-01, 5.83512545e-01, 5.94265233e-01, 5.94265233e-01,
       6.00716846e-01, 6.00716846e-01, 6.01433692e-01, 6.01433692e-01,
       6.04301075e-01, 6.04301075e-01, 6.10035842e-01, 6.10035842e-01,
       6.22222222e-01, 6.22222222e-01, 6.31541219e-01, 6.31541219e-01,
       6.32974910e-01, 6.32974910e-01, 6.34408602e-01, 6.34408602e-01,
       6.37275986e-01, 6.37275986e-01, 6.37992832e-01, 6.37992832e-01,
       6.38709677e-01, 6.38709677e-01, 6.40860215e-01, 6.40860215e-01,
       6.41577061e-01, 6.41577061e-01, 6.47311828e-01, 6.47311828e-01,
       6.50896057e-01, 6.50896057e-01, 6.52329749e-01, 6.52329749e-01,
       6.53046595e-01, 6.53046595e-01, 6.54480287e-01, 6.54480287e-01,
       6.57347670e-01, 6.57347670e-01, 6.62365591e-01, 6.62365591e-01,
       6.66666667e-01, 6.66666667e-01, 6.67383513e-01, 6.67383513e-01,
       6.68100358e-01, 6.68100358e-01, 6.70967742e-01, 6.70967742e-01,
       6.71684588e-01, 6.71684588e-01, 6.73118280e-01, 6.73118280e-01,
       6.74551971e-01, 6.74551971e-01, 6.75985663e-01, 6.75985663e-01,
       6.78136201e-01, 6.78136201e-01, 6.79569892e-01, 6.79569892e-01,
       6.86021505e-01, 6.86021505e-01, 6.91039427e-01, 6.91039427e-01,
       6.91756272e-01, 6.91756272e-01, 6.93906810e-01, 6.93906810e-01,
       6.95340502e-01, 6.95340502e-01, 6.97491039e-01, 6.97491039e-01,
       7.04659498e-01, 7.04659498e-01, 7.06810036e-01, 7.06810036e-01,
       7.08243728e-01, 7.08243728e-01, 7.10394265e-01, 7.10394265e-01,
       7.19713262e-01, 7.19713262e-01, 7.21146953e-01, 7.21146953e-01,
       7.21863799e-01, 7.21863799e-01, 7.23297491e-01, 7.23297491e-01,
       7.24014337e-01, 7.24014337e-01, 7.26881720e-01, 7.26881720e-01,
       7.30465950e-01, 7.30465950e-01, 7.33333333e-01, 7.33333333e-01,
       7.34767025e-01, 7.34767025e-01, 7.39784946e-01, 7.39784946e-01,
       7.41935484e-01, 7.41935484e-01, 7.43369176e-01, 7.43369176e-01,
       7.44802867e-01, 7.44802867e-01, 7.47670251e-01, 7.47670251e-01,
       7.49103943e-01, 7.49103943e-01, 7.52688172e-01, 7.52688172e-01,
       7.54121864e-01, 7.54121864e-01, 7.54838710e-01, 7.54838710e-01,
       7.57706093e-01, 7.57706093e-01, 7.60573477e-01, 7.60573477e-01,
       7.61290323e-01, 7.61290323e-01, 7.65591398e-01, 7.65591398e-01,
       7.66308244e-01, 7.66308244e-01, 7.67025090e-01, 7.67025090e-01,
       7.68458781e-01, 7.68458781e-01, 7.69175627e-01, 7.69175627e-01,
       7.72043011e-01, 7.72043011e-01, 7.72759857e-01, 7.72759857e-01,
       7.73476703e-01, 7.73476703e-01, 7.75627240e-01, 7.75627240e-01,
       7.78494624e-01, 7.78494624e-01, 7.79928315e-01, 7.79928315e-01,
       7.81362007e-01, 7.81362007e-01, 7.82078853e-01, 7.82078853e-01,
       7.85663082e-01, 7.85663082e-01, 7.86379928e-01, 7.86379928e-01,
       7.87096774e-01, 7.87096774e-01, 7.87813620e-01, 7.87813620e-01,
       7.88530466e-01, 7.88530466e-01, 7.91397849e-01, 7.91397849e-01,
       7.94265233e-01, 7.94265233e-01, 7.94982079e-01, 7.94982079e-01,
       7.97132616e-01, 7.97132616e-01, 7.97849462e-01, 7.97849462e-01,
       7.98566308e-01, 7.98566308e-01, 8.00000000e-01, 8.00000000e-01,
       8.00716846e-01, 8.00716846e-01, 8.01433692e-01, 8.01433692e-01,
       8.02150538e-01, 8.02150538e-01, 8.04301075e-01, 8.04301075e-01,
       8.05017921e-01, 8.05017921e-01, 8.05734767e-01, 8.05734767e-01,
       8.06451613e-01, 8.06451613e-01, 8.07168459e-01, 8.07168459e-01,
       8.10035842e-01, 8.10035842e-01, 8.10752688e-01, 8.10752688e-01,
       8.11469534e-01, 8.11469534e-01, 8.12186380e-01, 8.12186380e-01,
       8.14336918e-01, 8.14336918e-01, 8.15053763e-01, 8.15053763e-01,
       8.15770609e-01, 8.15770609e-01, 8.17204301e-01, 8.17204301e-01,
       8.22222222e-01, 8.22222222e-01, 8.24372760e-01, 8.24372760e-01,
       8.26523297e-01, 8.26523297e-01, 8.27240143e-01, 8.27240143e-01,
       8.30107527e-01, 8.30107527e-01, 8.31541219e-01, 8.31541219e-01,
       8.32258065e-01, 8.32258065e-01, 8.32974910e-01, 8.32974910e-01,
       8.33691756e-01, 8.33691756e-01, 8.34408602e-01, 8.34408602e-01,
       8.35842294e-01, 8.35842294e-01, 8.36559140e-01, 8.36559140e-01,
       8.37275986e-01, 8.37275986e-01, 8.39426523e-01, 8.39426523e-01,
       8.40860215e-01, 8.40860215e-01, 8.42293907e-01, 8.42293907e-01,
       8.43727599e-01, 8.43727599e-01, 8.45161290e-01, 8.45161290e-01,
       8.45878136e-01, 8.45878136e-01, 8.48028674e-01, 8.48028674e-01,
       8.48745520e-01, 8.48745520e-01, 8.50179211e-01, 8.50179211e-01,
       8.50896057e-01, 8.50896057e-01, 8.51612903e-01, 8.51612903e-01,
       8.53046595e-01, 8.53046595e-01, 8.53763441e-01, 8.53763441e-01,
       8.54480287e-01, 8.54480287e-01, 8.57347670e-01, 8.57347670e-01,
       8.58064516e-01, 8.58064516e-01, 8.59498208e-01, 8.59498208e-01,
       8.60931900e-01, 8.60931900e-01, 8.61648746e-01, 8.61648746e-01,
       8.62365591e-01, 8.62365591e-01, 8.63082437e-01, 8.63082437e-01,
       8.65232975e-01, 8.65232975e-01, 8.66666667e-01, 8.66666667e-01,
       8.67383513e-01, 8.67383513e-01, 8.68100358e-01, 8.68100358e-01,
       8.68817204e-01, 8.68817204e-01, 8.70967742e-01, 8.70967742e-01,
       8.71684588e-01, 8.71684588e-01, 8.72401434e-01, 8.72401434e-01,
       8.73118280e-01, 8.73118280e-01, 8.73835125e-01, 8.73835125e-01,
       8.75268817e-01, 8.75268817e-01, 8.76702509e-01, 8.76702509e-01,
       8.78136201e-01, 8.78136201e-01, 8.78853047e-01, 8.78853047e-01,
       8.80286738e-01, 8.80286738e-01, 8.82437276e-01, 8.82437276e-01,
       8.86021505e-01, 8.86021505e-01, 8.86738351e-01, 8.86738351e-01,
       8.88172043e-01, 8.88172043e-01, 8.88888889e-01, 8.88888889e-01,
       8.89605735e-01, 8.89605735e-01, 8.90322581e-01, 8.90322581e-01,
       8.91039427e-01, 8.91039427e-01, 8.91756272e-01, 8.91756272e-01,
       8.92473118e-01, 8.92473118e-01, 8.93906810e-01, 8.93906810e-01,
       8.94623656e-01, 8.94623656e-01, 8.95340502e-01, 8.95340502e-01,
       8.96057348e-01, 8.96057348e-01, 8.96774194e-01, 8.96774194e-01,
       8.98207885e-01, 8.98207885e-01, 8.99641577e-01, 8.99641577e-01,
       9.00358423e-01, 9.00358423e-01, 9.01075269e-01, 9.01075269e-01,
       9.01792115e-01, 9.01792115e-01, 9.02508961e-01, 9.02508961e-01,
       9.03225806e-01, 9.03225806e-01, 9.03942652e-01, 9.03942652e-01,
       9.04659498e-01, 9.04659498e-01, 9.05376344e-01, 9.05376344e-01,
       9.06093190e-01, 9.06093190e-01, 9.06810036e-01, 9.06810036e-01,
       9.07526882e-01, 9.07526882e-01, 9.08243728e-01, 9.08243728e-01,
       9.08960573e-01, 9.08960573e-01, 9.09677419e-01, 9.09677419e-01,
       9.11111111e-01, 9.11111111e-01, 9.11827957e-01, 9.11827957e-01,
       9.12544803e-01, 9.12544803e-01, 9.14695341e-01, 9.14695341e-01,
       9.15412186e-01, 9.15412186e-01, 9.16129032e-01, 9.16129032e-01,
       9.17562724e-01, 9.17562724e-01, 9.18279570e-01, 9.18279570e-01,
       9.18996416e-01, 9.18996416e-01, 9.19713262e-01, 9.19713262e-01,
       9.20430108e-01, 9.20430108e-01, 9.21146953e-01, 9.21146953e-01,
       9.21863799e-01, 9.21863799e-01, 9.23297491e-01, 9.23297491e-01,
       9.24014337e-01, 9.24014337e-01, 9.24731183e-01, 9.24731183e-01,
       9.25448029e-01, 9.25448029e-01, 9.26164875e-01, 9.26164875e-01,
       9.26881720e-01, 9.26881720e-01, 9.27598566e-01, 9.27598566e-01,
       9.29749104e-01, 9.29749104e-01, 9.30465950e-01, 9.30465950e-01,
       9.31182796e-01, 9.31182796e-01, 9.31899642e-01, 9.31899642e-01,
       9.34050179e-01, 9.34050179e-01, 9.34767025e-01, 9.34767025e-01,
       9.35483871e-01, 9.35483871e-01, 9.36200717e-01, 9.36200717e-01,
       9.36917563e-01, 9.36917563e-01, 9.37634409e-01, 9.37634409e-01,
       9.38351254e-01, 9.38351254e-01, 9.39068100e-01, 9.39068100e-01,
       9.40501792e-01, 9.40501792e-01, 9.41218638e-01, 9.41218638e-01,
       9.41935484e-01, 9.41935484e-01, 9.42652330e-01, 9.42652330e-01,
       9.43369176e-01, 9.43369176e-01, 9.44086022e-01, 9.44086022e-01,
       9.44802867e-01, 9.44802867e-01, 9.45519713e-01, 9.45519713e-01,
       9.46236559e-01, 9.46236559e-01, 9.46953405e-01, 9.46953405e-01,
       9.47670251e-01, 9.47670251e-01, 9.49103943e-01, 9.49103943e-01,
       9.49820789e-01, 9.49820789e-01, 9.50537634e-01, 9.50537634e-01,
       9.51254480e-01, 9.51254480e-01, 9.52688172e-01, 9.52688172e-01,
       9.53405018e-01, 9.53405018e-01, 9.54121864e-01, 9.54121864e-01,
       9.54838710e-01, 9.54838710e-01, 9.55555556e-01, 9.55555556e-01,
       9.56989247e-01, 9.56989247e-01, 9.57706093e-01, 9.57706093e-01,
       9.58422939e-01, 9.58422939e-01, 9.59139785e-01, 9.59139785e-01,
       9.59856631e-01, 9.59856631e-01, 9.60573477e-01, 9.60573477e-01,
       9.61290323e-01, 9.61290323e-01, 9.62007168e-01, 9.62007168e-01,
       9.62724014e-01, 9.62724014e-01, 9.63440860e-01, 9.63440860e-01,
       9.64157706e-01, 9.64157706e-01, 9.64874552e-01, 9.64874552e-01,
       9.65591398e-01, 9.65591398e-01, 9.66308244e-01, 9.66308244e-01,
       9.67025090e-01, 9.67025090e-01, 9.67741935e-01, 9.67741935e-01,
       9.68458781e-01, 9.68458781e-01, 9.69175627e-01, 9.69175627e-01,
       9.69892473e-01, 9.69892473e-01, 9.70609319e-01, 9.70609319e-01,
       9.71326165e-01, 9.71326165e-01, 9.72043011e-01, 9.72043011e-01,
       9.72759857e-01, 9.72759857e-01, 9.73476703e-01, 9.73476703e-01,
       9.74193548e-01, 9.74193548e-01, 9.74910394e-01, 9.74910394e-01,
       9.75627240e-01, 9.75627240e-01, 9.76344086e-01, 9.76344086e-01,
       9.77060932e-01, 9.77060932e-01, 9.77777778e-01, 9.77777778e-01,
       9.78494624e-01, 9.78494624e-01, 9.79211470e-01, 9.79211470e-01,
       9.79928315e-01, 9.79928315e-01, 9.80645161e-01, 9.80645161e-01,
       9.81362007e-01, 9.81362007e-01, 9.82078853e-01, 9.82078853e-01,
       9.82795699e-01, 9.82795699e-01, 9.83512545e-01, 9.83512545e-01,
       9.84229391e-01, 9.84229391e-01, 9.84946237e-01, 9.84946237e-01,
       9.85663082e-01, 9.85663082e-01, 9.86379928e-01, 9.86379928e-01,
       9.87096774e-01, 9.87096774e-01, 9.87813620e-01, 9.87813620e-01,
       9.88530466e-01, 9.88530466e-01, 9.89247312e-01, 9.89247312e-01,
       9.89964158e-01, 9.89964158e-01, 9.90681004e-01, 9.90681004e-01,
       9.91397849e-01, 9.91397849e-01, 9.92114695e-01, 9.92114695e-01,
       9.92831541e-01, 9.92831541e-01, 9.93548387e-01, 9.93548387e-01,
       9.94265233e-01, 9.94265233e-01, 9.94982079e-01, 9.94982079e-01,
       9.95698925e-01, 9.95698925e-01, 9.96415771e-01, 9.96415771e-01,
       9.97132616e-01, 9.97132616e-01, 9.97849462e-01, 9.97849462e-01,
       9.98566308e-01, 9.98566308e-01, 9.99283154e-01, 9.99283154e-01,
       1.00000000e+00, 1.00000000e+00]), 1: array([0.        , 0.00102354, 0.00307062, ..., 0.99897646, 1.        ,
       1.        ], shape=(1330,)), 2: array([0.00000000e+00, 2.50250250e-04, 4.82982983e-02, ...,
       9.99749750e-01, 1.00000000e+00, 1.00000000e+00], shape=(1882,)), 3: array([0.00000000e+00, 7.20980534e-04, 2.81903389e-01, 2.81903389e-01,
       2.87671233e-01, 2.87671233e-01, 2.91276136e-01, 2.91276136e-01,
       3.17231435e-01, 3.17231435e-01, 3.51838500e-01, 3.51838500e-01,
       3.70583994e-01, 3.70583994e-01, 3.75630858e-01, 3.75630858e-01,
       3.79235761e-01, 3.79235761e-01, 3.84282624e-01, 3.84282624e-01,
       3.85724585e-01, 3.85724585e-01, 3.95097332e-01, 3.95097332e-01,
       4.03028118e-01, 4.03028118e-01, 4.07354001e-01, 4.07354001e-01,
       4.13121846e-01, 4.13121846e-01, 4.22494593e-01, 4.22494593e-01,
       4.57101658e-01, 4.57101658e-01, 4.63590483e-01, 4.63590483e-01,
       4.69358327e-01, 4.69358327e-01, 4.70079308e-01, 4.70079308e-01,
       4.72242249e-01, 4.72242249e-01, 4.72963230e-01, 4.72963230e-01,
       4.75126172e-01, 4.75126172e-01, 4.83777938e-01, 4.83777938e-01,
       4.93150685e-01, 4.93150685e-01, 4.96034607e-01, 4.96034607e-01,
       5.00360490e-01, 5.00360490e-01, 5.03244412e-01, 5.03244412e-01,
       5.06849315e-01, 5.06849315e-01, 5.07570296e-01, 5.07570296e-01,
       5.08291276e-01, 5.08291276e-01, 5.09733237e-01, 5.09733237e-01,
       5.11175198e-01, 5.11175198e-01, 5.16222062e-01, 5.16222062e-01,
       5.16943043e-01, 5.16943043e-01, 5.25594809e-01, 5.25594809e-01,
       5.28478731e-01, 5.28478731e-01, 5.31362653e-01, 5.31362653e-01,
       5.32804614e-01, 5.32804614e-01, 5.34246575e-01, 5.34246575e-01,
       5.35688536e-01, 5.35688536e-01, 5.38572459e-01, 5.38572459e-01,
       5.40014420e-01, 5.40014420e-01, 5.42898342e-01, 5.42898342e-01,
       5.47945205e-01, 5.47945205e-01, 5.50108147e-01, 5.50108147e-01,
       5.50829128e-01, 5.50829128e-01, 5.52271089e-01, 5.52271089e-01,
       5.52992069e-01, 5.52992069e-01, 5.67411680e-01, 5.67411680e-01,
       5.75342466e-01, 5.75342466e-01, 5.78226388e-01, 5.78226388e-01,
       5.78947368e-01, 5.78947368e-01, 5.83273252e-01, 5.83273252e-01,
       5.86157174e-01, 5.86157174e-01, 5.87599135e-01, 5.87599135e-01,
       5.93366979e-01, 5.93366979e-01, 5.99134823e-01, 5.99134823e-01,
       5.99855804e-01, 5.99855804e-01, 6.04181687e-01, 6.04181687e-01,
       6.04902668e-01, 6.04902668e-01, 6.05623648e-01, 6.05623648e-01,
       6.09228551e-01, 6.09228551e-01, 6.09949531e-01, 6.09949531e-01,
       6.11391492e-01, 6.11391492e-01, 6.14996395e-01, 6.14996395e-01,
       6.18601298e-01, 6.18601298e-01, 6.20764239e-01, 6.20764239e-01,
       6.24369142e-01, 6.24369142e-01, 6.26532084e-01, 6.26532084e-01,
       6.29416006e-01, 6.29416006e-01, 6.30136986e-01, 6.30136986e-01,
       6.35904831e-01, 6.35904831e-01, 6.37346792e-01, 6.37346792e-01,
       6.41672675e-01, 6.41672675e-01, 6.43114636e-01, 6.43114636e-01,
       6.45277578e-01, 6.45277578e-01, 6.45998558e-01, 6.45998558e-01,
       6.49603461e-01, 6.49603461e-01, 6.50324441e-01, 6.50324441e-01,
       6.51766402e-01, 6.51766402e-01, 6.53208363e-01, 6.53208363e-01,
       6.55371305e-01, 6.55371305e-01, 6.56092286e-01, 6.56092286e-01,
       6.58255227e-01, 6.58255227e-01, 6.66186013e-01, 6.66186013e-01,
       6.68348955e-01, 6.68348955e-01, 6.70511896e-01, 6.70511896e-01,
       6.72674838e-01, 6.72674838e-01, 6.73395818e-01, 6.73395818e-01,
       6.75558760e-01, 6.75558760e-01, 6.76279740e-01, 6.76279740e-01,
       6.78442682e-01, 6.78442682e-01, 6.82768565e-01, 6.82768565e-01,
       6.83489546e-01, 6.83489546e-01, 6.84210526e-01, 6.84210526e-01,
       6.84931507e-01, 6.84931507e-01, 6.88536410e-01, 6.88536410e-01,
       6.89257390e-01, 6.89257390e-01, 6.91420332e-01, 6.91420332e-01,
       6.92862293e-01, 6.92862293e-01, 6.94304254e-01, 6.94304254e-01,
       6.95746215e-01, 6.95746215e-01, 6.98630137e-01, 6.98630137e-01,
       7.00072098e-01, 7.00072098e-01, 7.02235040e-01, 7.02235040e-01,
       7.03677001e-01, 7.03677001e-01, 7.05118962e-01, 7.05118962e-01,
       7.06560923e-01, 7.06560923e-01, 7.07281903e-01, 7.07281903e-01,
       7.08723864e-01, 7.08723864e-01, 7.09444845e-01, 7.09444845e-01,
       7.11607787e-01, 7.11607787e-01, 7.12328767e-01, 7.12328767e-01,
       7.13049748e-01, 7.13049748e-01, 7.15212689e-01, 7.15212689e-01,
       7.18817592e-01, 7.18817592e-01, 7.20259553e-01, 7.20259553e-01,
       7.21701514e-01, 7.21701514e-01, 7.23143475e-01, 7.23143475e-01,
       7.25306417e-01, 7.25306417e-01, 7.26027397e-01, 7.26027397e-01,
       7.26748378e-01, 7.26748378e-01, 7.27469358e-01, 7.27469358e-01,
       7.32516222e-01, 7.32516222e-01, 7.33237203e-01, 7.33237203e-01,
       7.33958183e-01, 7.33958183e-01, 7.36121125e-01, 7.36121125e-01,
       7.37563086e-01, 7.37563086e-01, 7.39005047e-01, 7.39005047e-01,
       7.43330930e-01, 7.43330930e-01, 7.45493872e-01, 7.45493872e-01,
       7.46214852e-01, 7.46214852e-01, 7.46935833e-01, 7.46935833e-01,
       7.47656813e-01, 7.47656813e-01, 7.48377794e-01, 7.48377794e-01,
       7.51261716e-01, 7.51261716e-01, 7.51982696e-01, 7.51982696e-01,
       7.52703677e-01, 7.52703677e-01, 7.54866619e-01, 7.54866619e-01,
       7.57029560e-01, 7.57029560e-01, 7.57750541e-01, 7.57750541e-01,
       7.58471521e-01, 7.58471521e-01, 7.59192502e-01, 7.59192502e-01,
       7.59913482e-01, 7.59913482e-01, 7.60634463e-01, 7.60634463e-01,
       7.61355443e-01, 7.61355443e-01, 7.62076424e-01, 7.62076424e-01,
       7.62797404e-01, 7.62797404e-01, 7.63518385e-01, 7.63518385e-01,
       7.64960346e-01, 7.64960346e-01, 7.65681327e-01, 7.65681327e-01,
       7.66402307e-01, 7.66402307e-01, 7.67844268e-01, 7.67844268e-01,
       7.68565249e-01, 7.68565249e-01, 7.69286229e-01, 7.69286229e-01,
       7.70007210e-01, 7.70007210e-01, 7.71449171e-01, 7.71449171e-01,
       7.72170151e-01, 7.72170151e-01, 7.72891132e-01, 7.72891132e-01,
       7.74333093e-01, 7.74333093e-01, 7.75054074e-01, 7.75054074e-01,
       7.76496035e-01, 7.76496035e-01, 7.77217015e-01, 7.77217015e-01,
       7.78658976e-01, 7.78658976e-01, 7.79379957e-01, 7.79379957e-01,
       7.82263879e-01, 7.82263879e-01, 7.82984859e-01, 7.82984859e-01,
       7.83705840e-01, 7.83705840e-01, 7.84426820e-01, 7.84426820e-01,
       7.85147801e-01, 7.85147801e-01, 7.85868782e-01, 7.85868782e-01,
       7.86589762e-01, 7.86589762e-01, 7.90194665e-01, 7.90194665e-01,
       7.90915645e-01, 7.90915645e-01, 7.91636626e-01, 7.91636626e-01,
       7.92357606e-01, 7.92357606e-01, 7.93078587e-01, 7.93078587e-01,
       7.94520548e-01, 7.94520548e-01, 7.95241528e-01, 7.95241528e-01,
       7.96683490e-01, 7.96683490e-01, 7.99567412e-01, 7.99567412e-01,
       8.02451334e-01, 8.02451334e-01, 8.03172314e-01, 8.03172314e-01,
       8.03893295e-01, 8.03893295e-01, 8.05335256e-01, 8.05335256e-01,
       8.06056236e-01, 8.06056236e-01, 8.08219178e-01, 8.08219178e-01,
       8.09661139e-01, 8.09661139e-01, 8.11824081e-01, 8.11824081e-01,
       8.12545061e-01, 8.12545061e-01, 8.13266042e-01, 8.13266042e-01,
       8.14708003e-01, 8.14708003e-01, 8.15428983e-01, 8.15428983e-01,
       8.16149964e-01, 8.16149964e-01, 8.19033886e-01, 8.19033886e-01,
       8.22638789e-01, 8.22638789e-01, 8.23359769e-01, 8.23359769e-01,
       8.24080750e-01, 8.24080750e-01, 8.24801730e-01, 8.24801730e-01,
       8.26243691e-01, 8.26243691e-01, 8.26964672e-01, 8.26964672e-01,
       8.27685652e-01, 8.27685652e-01, 8.28406633e-01, 8.28406633e-01,
       8.29127614e-01, 8.29127614e-01, 8.30569575e-01, 8.30569575e-01,
       8.31290555e-01, 8.31290555e-01, 8.32011536e-01, 8.32011536e-01,
       8.32732516e-01, 8.32732516e-01, 8.33453497e-01, 8.33453497e-01,
       8.34174477e-01, 8.34174477e-01, 8.34895458e-01, 8.34895458e-01,
       8.35616438e-01, 8.35616438e-01, 8.37058399e-01, 8.37058399e-01,
       8.38500360e-01, 8.38500360e-01, 8.39221341e-01, 8.39221341e-01,
       8.39942322e-01, 8.39942322e-01, 8.40663302e-01, 8.40663302e-01,
       8.42105263e-01, 8.42105263e-01, 8.42826244e-01, 8.42826244e-01,
       8.43547224e-01, 8.43547224e-01, 8.44268205e-01, 8.44268205e-01,
       8.44989185e-01, 8.44989185e-01, 8.45710166e-01, 8.45710166e-01,
       8.46431146e-01, 8.46431146e-01, 8.47152127e-01, 8.47152127e-01,
       8.48594088e-01, 8.48594088e-01, 8.49315068e-01, 8.49315068e-01,
       8.51478010e-01, 8.51478010e-01, 8.52198991e-01, 8.52198991e-01,
       8.53640952e-01, 8.53640952e-01, 8.54361932e-01, 8.54361932e-01,
       8.55082913e-01, 8.55082913e-01, 8.56524874e-01, 8.56524874e-01,
       8.57245854e-01, 8.57245854e-01, 8.57966835e-01, 8.57966835e-01,
       8.58687815e-01, 8.58687815e-01, 8.59408796e-01, 8.59408796e-01,
       8.60129776e-01, 8.60129776e-01, 8.60850757e-01, 8.60850757e-01,
       8.61571738e-01, 8.61571738e-01, 8.62292718e-01, 8.62292718e-01,
       8.63013699e-01, 8.63013699e-01, 8.63734679e-01, 8.63734679e-01,
       8.64455660e-01, 8.64455660e-01, 8.65176640e-01, 8.65176640e-01,
       8.65897621e-01, 8.65897621e-01, 8.66618601e-01, 8.66618601e-01,
       8.68060562e-01, 8.68060562e-01, 8.68781543e-01, 8.68781543e-01,
       8.69502523e-01, 8.69502523e-01, 8.70223504e-01, 8.70223504e-01,
       8.70944484e-01, 8.70944484e-01, 8.71665465e-01, 8.71665465e-01,
       8.72386446e-01, 8.72386446e-01, 8.73107426e-01, 8.73107426e-01,
       8.73828407e-01, 8.73828407e-01, 8.74549387e-01, 8.74549387e-01,
       8.75270368e-01, 8.75270368e-01, 8.75991348e-01, 8.75991348e-01,
       8.76712329e-01, 8.76712329e-01, 8.77433309e-01, 8.77433309e-01,
       8.78154290e-01, 8.78154290e-01, 8.78875270e-01, 8.78875270e-01,
       8.79596251e-01, 8.79596251e-01, 8.80317231e-01, 8.80317231e-01,
       8.81038212e-01, 8.81038212e-01, 8.82480173e-01, 8.82480173e-01,
       8.83201154e-01, 8.83201154e-01, 8.83922134e-01, 8.83922134e-01,
       8.84643115e-01, 8.84643115e-01, 8.85364095e-01, 8.85364095e-01,
       8.86085076e-01, 8.86085076e-01, 8.86806056e-01, 8.86806056e-01,
       8.87527037e-01, 8.87527037e-01, 8.88968998e-01, 8.88968998e-01,
       8.89689978e-01, 8.89689978e-01, 8.90410959e-01, 8.90410959e-01,
       8.91131939e-01, 8.91131939e-01, 8.91852920e-01, 8.91852920e-01,
       8.93294881e-01, 8.93294881e-01, 8.94015862e-01, 8.94015862e-01,
       8.94736842e-01, 8.94736842e-01, 8.95457823e-01, 8.95457823e-01,
       8.96178803e-01, 8.96178803e-01, 8.96899784e-01, 8.96899784e-01,
       8.97620764e-01, 8.97620764e-01, 8.98341745e-01, 8.98341745e-01,
       8.99062725e-01, 8.99062725e-01, 8.99783706e-01, 8.99783706e-01,
       9.00504686e-01, 9.00504686e-01, 9.01225667e-01, 9.01225667e-01,
       9.01946647e-01, 9.01946647e-01, 9.03388609e-01, 9.03388609e-01,
       9.04109589e-01, 9.04109589e-01, 9.05551550e-01, 9.05551550e-01,
       9.06993511e-01, 9.06993511e-01, 9.07714492e-01, 9.07714492e-01,
       9.08435472e-01, 9.08435472e-01, 9.09156453e-01, 9.09156453e-01,
       9.09877433e-01, 9.09877433e-01, 9.10598414e-01, 9.10598414e-01,
       9.11319394e-01, 9.11319394e-01, 9.12040375e-01, 9.12040375e-01,
       9.12761355e-01, 9.12761355e-01, 9.14203317e-01, 9.14203317e-01,
       9.14924297e-01, 9.14924297e-01, 9.15645278e-01, 9.15645278e-01,
       9.16366258e-01, 9.16366258e-01, 9.17087239e-01, 9.17087239e-01,
       9.17808219e-01, 9.17808219e-01, 9.18529200e-01, 9.18529200e-01,
       9.19250180e-01, 9.19250180e-01, 9.20692141e-01, 9.20692141e-01,
       9.21413122e-01, 9.21413122e-01, 9.22134102e-01, 9.22134102e-01,
       9.22855083e-01, 9.22855083e-01, 9.23576063e-01, 9.23576063e-01,
       9.24297044e-01, 9.24297044e-01, 9.25018025e-01, 9.25018025e-01,
       9.25739005e-01, 9.25739005e-01, 9.26459986e-01, 9.26459986e-01,
       9.27180966e-01, 9.27180966e-01, 9.27901947e-01, 9.27901947e-01,
       9.28622927e-01, 9.28622927e-01, 9.29343908e-01, 9.29343908e-01,
       9.30064888e-01, 9.30064888e-01, 9.30785869e-01, 9.30785869e-01,
       9.31506849e-01, 9.31506849e-01, 9.32227830e-01, 9.32227830e-01,
       9.33669791e-01, 9.33669791e-01, 9.34390771e-01, 9.34390771e-01,
       9.35111752e-01, 9.35111752e-01, 9.35832733e-01, 9.35832733e-01,
       9.36553713e-01, 9.36553713e-01, 9.37274694e-01, 9.37274694e-01,
       9.37995674e-01, 9.37995674e-01, 9.38716655e-01, 9.38716655e-01,
       9.39437635e-01, 9.39437635e-01, 9.40158616e-01, 9.40158616e-01,
       9.40879596e-01, 9.40879596e-01, 9.41600577e-01, 9.41600577e-01,
       9.42321557e-01, 9.42321557e-01, 9.43042538e-01, 9.43042538e-01,
       9.43763518e-01, 9.43763518e-01, 9.44484499e-01, 9.44484499e-01,
       9.45205479e-01, 9.45205479e-01, 9.45926460e-01, 9.45926460e-01,
       9.46647441e-01, 9.46647441e-01, 9.47368421e-01, 9.47368421e-01,
       9.48089402e-01, 9.48089402e-01, 9.48810382e-01, 9.48810382e-01,
       9.49531363e-01, 9.49531363e-01, 9.50252343e-01, 9.50252343e-01,
       9.50973324e-01, 9.50973324e-01, 9.51694304e-01, 9.51694304e-01,
       9.52415285e-01, 9.52415285e-01, 9.53136265e-01, 9.53136265e-01,
       9.54578226e-01, 9.54578226e-01, 9.55299207e-01, 9.55299207e-01,
       9.56020187e-01, 9.56020187e-01, 9.56741168e-01, 9.56741168e-01,
       9.57462149e-01, 9.57462149e-01, 9.58183129e-01, 9.58183129e-01,
       9.58904110e-01, 9.58904110e-01, 9.59625090e-01, 9.59625090e-01,
       9.60346071e-01, 9.60346071e-01, 9.61067051e-01, 9.61067051e-01,
       9.61788032e-01, 9.61788032e-01, 9.62509012e-01, 9.62509012e-01,
       9.63229993e-01, 9.63229993e-01, 9.63950973e-01, 9.63950973e-01,
       9.64671954e-01, 9.64671954e-01, 9.65392934e-01, 9.65392934e-01,
       9.66113915e-01, 9.66113915e-01, 9.66834895e-01, 9.66834895e-01,
       9.67555876e-01, 9.67555876e-01, 9.68276857e-01, 9.68276857e-01,
       9.68997837e-01, 9.68997837e-01, 9.69718818e-01, 9.69718818e-01,
       9.70439798e-01, 9.70439798e-01, 9.71160779e-01, 9.71160779e-01,
       9.71881759e-01, 9.71881759e-01, 9.72602740e-01, 9.72602740e-01,
       9.73323720e-01, 9.73323720e-01, 9.74044701e-01, 9.74044701e-01,
       9.74765681e-01, 9.74765681e-01, 9.75486662e-01, 9.75486662e-01,
       9.76207642e-01, 9.76207642e-01, 9.76928623e-01, 9.76928623e-01,
       9.77649603e-01, 9.77649603e-01, 9.78370584e-01, 9.78370584e-01,
       9.79091565e-01, 9.79091565e-01, 9.79812545e-01, 9.79812545e-01,
       9.80533526e-01, 9.80533526e-01, 9.81254506e-01, 9.81254506e-01,
       9.81975487e-01, 9.81975487e-01, 9.82696467e-01, 9.82696467e-01,
       9.83417448e-01, 9.83417448e-01, 9.84138428e-01, 9.84138428e-01,
       9.84859409e-01, 9.84859409e-01, 9.85580389e-01, 9.85580389e-01,
       9.86301370e-01, 9.86301370e-01, 9.87022350e-01, 9.87022350e-01,
       9.87743331e-01, 9.87743331e-01, 9.88464311e-01, 9.88464311e-01,
       9.89185292e-01, 9.89185292e-01, 9.89906273e-01, 9.89906273e-01,
       9.90627253e-01, 9.90627253e-01, 9.91348234e-01, 9.91348234e-01,
       9.92069214e-01, 9.92069214e-01, 9.92790195e-01, 9.92790195e-01,
       9.93511175e-01, 9.93511175e-01, 9.94232156e-01, 9.94232156e-01,
       9.94953136e-01, 9.94953136e-01, 9.95674117e-01, 9.95674117e-01,
       9.96395097e-01, 9.96395097e-01, 9.97116078e-01, 9.97116078e-01,
       9.97837058e-01, 9.97837058e-01, 9.98558039e-01, 9.98558039e-01,
       9.99279019e-01, 9.99279019e-01, 1.00000000e+00, 1.00000000e+00]), 4: array([0.00000000e+00, 6.30914826e-04, 3.47003155e-02, 3.47003155e-02,
       1.25552050e-01, 1.25552050e-01, 1.30599369e-01, 1.30599369e-01,
       1.54574132e-01, 1.54574132e-01, 1.64037855e-01, 1.64037855e-01,
       1.65299685e-01, 1.65299685e-01, 1.69716088e-01, 1.69716088e-01,
       1.72239748e-01, 1.72239748e-01, 2.05678233e-01, 2.05678233e-01,
       2.35331230e-01, 2.35331230e-01, 2.36593060e-01, 2.36593060e-01,
       2.38485804e-01, 2.38485804e-01, 2.39747634e-01, 2.39747634e-01,
       2.42271293e-01, 2.42271293e-01, 2.42902208e-01, 2.42902208e-01,
       2.57413249e-01, 2.57413249e-01, 2.67507886e-01, 2.67507886e-01,
       2.92113565e-01, 2.92113565e-01, 3.02208202e-01, 3.02208202e-01,
       3.24921136e-01, 3.24921136e-01, 3.40063091e-01, 3.40063091e-01,
       3.40694006e-01, 3.40694006e-01, 3.44479495e-01, 3.44479495e-01,
       3.48895899e-01, 3.48895899e-01, 3.55835962e-01, 3.55835962e-01,
       3.62145110e-01, 3.62145110e-01, 3.70347003e-01, 3.70347003e-01,
       3.77287066e-01, 3.77287066e-01, 3.80441640e-01, 3.80441640e-01,
       3.82334385e-01, 3.82334385e-01, 3.86119874e-01, 3.86119874e-01,
       3.89905363e-01, 3.89905363e-01, 3.97476341e-01, 3.97476341e-01,
       4.30914826e-01, 4.30914826e-01, 4.49842271e-01, 4.49842271e-01,
       4.55520505e-01, 4.55520505e-01, 4.58044164e-01, 4.58044164e-01,
       4.68769716e-01, 4.68769716e-01, 4.70662461e-01, 4.70662461e-01,
       4.72555205e-01, 4.72555205e-01, 4.77602524e-01, 4.77602524e-01,
       4.79495268e-01, 4.79495268e-01, 4.82649842e-01, 4.82649842e-01,
       4.90220820e-01, 4.90220820e-01, 4.91482650e-01, 4.91482650e-01,
       5.07886435e-01, 5.07886435e-01, 5.11671924e-01, 5.11671924e-01,
       5.12302839e-01, 5.12302839e-01, 5.14826498e-01, 5.14826498e-01,
       5.19873817e-01, 5.19873817e-01, 5.21135647e-01, 5.21135647e-01,
       5.23028391e-01, 5.23028391e-01, 5.24921136e-01, 5.24921136e-01,
       5.31861199e-01, 5.31861199e-01, 5.48264984e-01, 5.48264984e-01,
       5.55205047e-01, 5.55205047e-01, 5.56466877e-01, 5.56466877e-01,
       5.57097792e-01, 5.57097792e-01, 5.65299685e-01, 5.65299685e-01,
       5.69085174e-01, 5.69085174e-01, 5.74763407e-01, 5.74763407e-01,
       5.76025237e-01, 5.76025237e-01, 5.81072555e-01, 5.81072555e-01,
       5.82334385e-01, 5.82334385e-01, 5.86119874e-01, 5.86119874e-01,
       5.90536278e-01, 5.90536278e-01, 6.02523659e-01, 6.02523659e-01,
       6.03154574e-01, 6.03154574e-01, 6.04416404e-01, 6.04416404e-01,
       6.10725552e-01, 6.10725552e-01, 6.18296530e-01, 6.18296530e-01,
       6.25867508e-01, 6.25867508e-01, 6.30283912e-01, 6.30283912e-01,
       6.31545741e-01, 6.31545741e-01, 6.33438486e-01, 6.33438486e-01,
       6.34700315e-01, 6.34700315e-01, 6.35331230e-01, 6.35331230e-01,
       6.35962145e-01, 6.35962145e-01, 6.37223975e-01, 6.37223975e-01,
       6.40378549e-01, 6.40378549e-01, 6.59305994e-01, 6.59305994e-01,
       6.61198738e-01, 6.61198738e-01, 6.61829653e-01, 6.61829653e-01,
       6.63722397e-01, 6.63722397e-01, 6.66876972e-01, 6.66876972e-01,
       6.67507886e-01, 6.67507886e-01, 6.70031546e-01, 6.70031546e-01,
       6.74447950e-01, 6.74447950e-01, 6.75078864e-01, 6.75078864e-01,
       6.76340694e-01, 6.76340694e-01, 6.80126183e-01, 6.80126183e-01,
       6.82649842e-01, 6.82649842e-01, 6.90851735e-01, 6.90851735e-01,
       6.91482650e-01, 6.91482650e-01, 6.92113565e-01, 6.92113565e-01,
       6.94637224e-01, 6.94637224e-01, 6.95268139e-01, 6.95268139e-01,
       6.97160883e-01, 6.97160883e-01, 7.02208202e-01, 7.02208202e-01,
       7.03470032e-01, 7.03470032e-01, 7.04100946e-01, 7.04100946e-01,
       7.05362776e-01, 7.05362776e-01, 7.05993691e-01, 7.05993691e-01,
       7.06624606e-01, 7.06624606e-01, 7.08517350e-01, 7.08517350e-01,
       7.09779180e-01, 7.09779180e-01, 7.12933754e-01, 7.12933754e-01,
       7.13564669e-01, 7.13564669e-01, 7.14195584e-01, 7.14195584e-01,
       7.19873817e-01, 7.19873817e-01, 7.20504732e-01, 7.20504732e-01,
       7.22397476e-01, 7.22397476e-01, 7.27444795e-01, 7.27444795e-01,
       7.28706625e-01, 7.28706625e-01, 7.29337539e-01, 7.29337539e-01,
       7.30599369e-01, 7.30599369e-01, 7.31861199e-01, 7.31861199e-01,
       7.37539432e-01, 7.37539432e-01, 7.41324921e-01, 7.41324921e-01,
       7.44479495e-01, 7.44479495e-01, 7.53312303e-01, 7.53312303e-01,
       7.53943218e-01, 7.53943218e-01, 7.54574132e-01, 7.54574132e-01,
       7.55205047e-01, 7.55205047e-01, 7.55835962e-01, 7.55835962e-01,
       7.58359621e-01, 7.58359621e-01, 7.60883281e-01, 7.60883281e-01,
       7.61514196e-01, 7.61514196e-01, 7.62145110e-01, 7.62145110e-01,
       7.62776025e-01, 7.62776025e-01, 7.64668770e-01, 7.64668770e-01,
       7.65299685e-01, 7.65299685e-01, 7.67192429e-01, 7.67192429e-01,
       7.69716088e-01, 7.69716088e-01, 7.73501577e-01, 7.73501577e-01,
       7.74132492e-01, 7.74132492e-01, 7.74763407e-01, 7.74763407e-01,
       7.75394322e-01, 7.75394322e-01, 7.76025237e-01, 7.76025237e-01,
       7.79179811e-01, 7.79179811e-01, 7.79810726e-01, 7.79810726e-01,
       7.82334385e-01, 7.82334385e-01, 7.82965300e-01, 7.82965300e-01,
       7.84227129e-01, 7.84227129e-01, 7.84858044e-01, 7.84858044e-01,
       7.88012618e-01, 7.88012618e-01, 7.91167192e-01, 7.91167192e-01,
       7.93690852e-01, 7.93690852e-01, 7.94952681e-01, 7.94952681e-01,
       7.96214511e-01, 7.96214511e-01, 7.98107256e-01, 7.98107256e-01,
       8.00630915e-01, 8.00630915e-01, 8.02523659e-01, 8.02523659e-01,
       8.10094637e-01, 8.10094637e-01, 8.12618297e-01, 8.12618297e-01,
       8.14511041e-01, 8.14511041e-01, 8.15141956e-01, 8.15141956e-01,
       8.16403785e-01, 8.16403785e-01, 8.17665615e-01, 8.17665615e-01,
       8.23974763e-01, 8.23974763e-01, 8.24605678e-01, 8.24605678e-01,
       8.25236593e-01, 8.25236593e-01, 8.25867508e-01, 8.25867508e-01,
       8.27129338e-01, 8.27129338e-01, 8.27760252e-01, 8.27760252e-01,
       8.28391167e-01, 8.28391167e-01, 8.32807571e-01, 8.32807571e-01,
       8.33438486e-01, 8.33438486e-01, 8.34700315e-01, 8.34700315e-01,
       8.37854890e-01, 8.37854890e-01, 8.38485804e-01, 8.38485804e-01,
       8.40378549e-01, 8.40378549e-01, 8.41009464e-01, 8.41009464e-01,
       8.41640379e-01, 8.41640379e-01, 8.42902208e-01, 8.42902208e-01,
       8.43533123e-01, 8.43533123e-01, 8.44794953e-01, 8.44794953e-01,
       8.45425868e-01, 8.45425868e-01, 8.47949527e-01, 8.47949527e-01,
       8.48580442e-01, 8.48580442e-01, 8.49842271e-01, 8.49842271e-01,
       8.50473186e-01, 8.50473186e-01, 8.51104101e-01, 8.51104101e-01,
       8.52365931e-01, 8.52365931e-01, 8.52996845e-01, 8.52996845e-01,
       8.53627760e-01, 8.53627760e-01, 8.54889590e-01, 8.54889590e-01,
       8.55520505e-01, 8.55520505e-01, 8.56151420e-01, 8.56151420e-01,
       8.56782334e-01, 8.56782334e-01, 8.58044164e-01, 8.58044164e-01,
       8.59305994e-01, 8.59305994e-01, 8.59936909e-01, 8.59936909e-01,
       8.61198738e-01, 8.61198738e-01, 8.61829653e-01, 8.61829653e-01,
       8.62460568e-01, 8.62460568e-01, 8.63091483e-01, 8.63091483e-01,
       8.64353312e-01, 8.64353312e-01, 8.64984227e-01, 8.64984227e-01,
       8.66246057e-01, 8.66246057e-01, 8.66876972e-01, 8.66876972e-01,
       8.67507886e-01, 8.67507886e-01, 8.68769716e-01, 8.68769716e-01,
       8.69400631e-01, 8.69400631e-01, 8.70662461e-01, 8.70662461e-01,
       8.71924290e-01, 8.71924290e-01, 8.72555205e-01, 8.72555205e-01,
       8.73817035e-01, 8.73817035e-01, 8.75078864e-01, 8.75078864e-01,
       8.76971609e-01, 8.76971609e-01, 8.77602524e-01, 8.77602524e-01,
       8.78233438e-01, 8.78233438e-01, 8.78864353e-01, 8.78864353e-01,
       8.79495268e-01, 8.79495268e-01, 8.80126183e-01, 8.80126183e-01,
       8.80757098e-01, 8.80757098e-01, 8.81388013e-01, 8.81388013e-01,
       8.82018927e-01, 8.82018927e-01, 8.83280757e-01, 8.83280757e-01,
       8.85804416e-01, 8.85804416e-01, 8.86435331e-01, 8.86435331e-01,
       8.87697161e-01, 8.87697161e-01, 8.88328076e-01, 8.88328076e-01,
       8.88958991e-01, 8.88958991e-01, 8.90220820e-01, 8.90220820e-01,
       8.91482650e-01, 8.91482650e-01, 8.92113565e-01, 8.92113565e-01,
       8.92744479e-01, 8.92744479e-01, 8.93375394e-01, 8.93375394e-01,
       8.94637224e-01, 8.94637224e-01, 8.96529968e-01, 8.96529968e-01,
       8.97160883e-01, 8.97160883e-01, 8.97791798e-01, 8.97791798e-01,
       8.98422713e-01, 8.98422713e-01, 8.99684543e-01, 8.99684543e-01,
       9.00315457e-01, 9.00315457e-01, 9.02208202e-01, 9.02208202e-01,
       9.02839117e-01, 9.02839117e-01, 9.03470032e-01, 9.03470032e-01,
       9.04100946e-01, 9.04100946e-01, 9.04731861e-01, 9.04731861e-01,
       9.05362776e-01, 9.05362776e-01, 9.06624606e-01, 9.06624606e-01,
       9.07886435e-01, 9.07886435e-01, 9.08517350e-01, 9.08517350e-01,
       9.09148265e-01, 9.09148265e-01, 9.12302839e-01, 9.12302839e-01,
       9.12933754e-01, 9.12933754e-01, 9.13564669e-01, 9.13564669e-01,
       9.14826498e-01, 9.14826498e-01, 9.15457413e-01, 9.15457413e-01,
       9.16088328e-01, 9.16088328e-01, 9.16719243e-01, 9.16719243e-01,
       9.17350158e-01, 9.17350158e-01, 9.17981073e-01, 9.17981073e-01,
       9.18611987e-01, 9.18611987e-01, 9.19873817e-01, 9.19873817e-01,
       9.20504732e-01, 9.20504732e-01, 9.21135647e-01, 9.21135647e-01,
       9.21766562e-01, 9.21766562e-01, 9.22397476e-01, 9.22397476e-01,
       9.23028391e-01, 9.23028391e-01, 9.23659306e-01, 9.23659306e-01,
       9.25552050e-01, 9.25552050e-01, 9.26813880e-01, 9.26813880e-01,
       9.27444795e-01, 9.27444795e-01, 9.28706625e-01, 9.28706625e-01,
       9.29337539e-01, 9.29337539e-01, 9.29968454e-01, 9.29968454e-01,
       9.30599369e-01, 9.30599369e-01, 9.31861199e-01, 9.31861199e-01,
       9.32492114e-01, 9.32492114e-01, 9.33753943e-01, 9.33753943e-01,
       9.34384858e-01, 9.34384858e-01, 9.35015773e-01, 9.35015773e-01,
       9.36277603e-01, 9.36277603e-01, 9.36908517e-01, 9.36908517e-01,
       9.37539432e-01, 9.37539432e-01, 9.38170347e-01, 9.38170347e-01,
       9.38801262e-01, 9.38801262e-01, 9.40063091e-01, 9.40063091e-01,
       9.40694006e-01, 9.40694006e-01, 9.41324921e-01, 9.41324921e-01,
       9.42586751e-01, 9.42586751e-01, 9.43217666e-01, 9.43217666e-01,
       9.44479495e-01, 9.44479495e-01, 9.45110410e-01, 9.45110410e-01,
       9.45741325e-01, 9.45741325e-01, 9.46372240e-01, 9.46372240e-01,
       9.47634069e-01, 9.47634069e-01, 9.48264984e-01, 9.48264984e-01,
       9.48895899e-01, 9.48895899e-01, 9.49526814e-01, 9.49526814e-01,
       9.50157729e-01, 9.50157729e-01, 9.50788644e-01, 9.50788644e-01,
       9.51419558e-01, 9.51419558e-01, 9.52050473e-01, 9.52050473e-01,
       9.52681388e-01, 9.52681388e-01, 9.53312303e-01, 9.53312303e-01,
       9.53943218e-01, 9.53943218e-01, 9.54574132e-01, 9.54574132e-01,
       9.55205047e-01, 9.55205047e-01, 9.56466877e-01, 9.56466877e-01,
       9.57097792e-01, 9.57097792e-01, 9.57728707e-01, 9.57728707e-01,
       9.58359621e-01, 9.58359621e-01, 9.58990536e-01, 9.58990536e-01,
       9.59621451e-01, 9.59621451e-01, 9.60252366e-01, 9.60252366e-01,
       9.60883281e-01, 9.60883281e-01, 9.61514196e-01, 9.61514196e-01,
       9.62145110e-01, 9.62145110e-01, 9.62776025e-01, 9.62776025e-01,
       9.64037855e-01, 9.64037855e-01, 9.65299685e-01, 9.65299685e-01,
       9.65930599e-01, 9.65930599e-01, 9.66561514e-01, 9.66561514e-01,
       9.67192429e-01, 9.67192429e-01, 9.67823344e-01, 9.67823344e-01,
       9.68454259e-01, 9.68454259e-01, 9.69085174e-01, 9.69085174e-01,
       9.69716088e-01, 9.69716088e-01, 9.70977918e-01, 9.70977918e-01,
       9.71608833e-01, 9.71608833e-01, 9.72239748e-01, 9.72239748e-01,
       9.72870662e-01, 9.72870662e-01, 9.73501577e-01, 9.73501577e-01,
       9.74132492e-01, 9.74132492e-01, 9.74763407e-01, 9.74763407e-01,
       9.75394322e-01, 9.75394322e-01, 9.76025237e-01, 9.76025237e-01,
       9.76656151e-01, 9.76656151e-01, 9.77287066e-01, 9.77287066e-01,
       9.77917981e-01, 9.77917981e-01, 9.78548896e-01, 9.78548896e-01,
       9.79179811e-01, 9.79179811e-01, 9.79810726e-01, 9.79810726e-01,
       9.80441640e-01, 9.80441640e-01, 9.81072555e-01, 9.81072555e-01,
       9.81703470e-01, 9.81703470e-01, 9.82334385e-01, 9.82334385e-01,
       9.82965300e-01, 9.82965300e-01, 9.83596215e-01, 9.83596215e-01,
       9.84227129e-01, 9.84227129e-01, 9.84858044e-01, 9.84858044e-01,
       9.85488959e-01, 9.85488959e-01, 9.86119874e-01, 9.86119874e-01,
       9.86750789e-01, 9.86750789e-01, 9.87381703e-01, 9.87381703e-01,
       9.88012618e-01, 9.88012618e-01, 9.88643533e-01, 9.88643533e-01,
       9.89274448e-01, 9.89274448e-01, 9.89905363e-01, 9.89905363e-01,
       9.90536278e-01, 9.90536278e-01, 9.91167192e-01, 9.91167192e-01,
       9.91798107e-01, 9.91798107e-01, 9.92429022e-01, 9.92429022e-01,
       9.93059937e-01, 9.93059937e-01, 9.93690852e-01, 9.93690852e-01,
       9.94321767e-01, 9.94321767e-01, 9.94952681e-01, 9.94952681e-01,
       9.95583596e-01, 9.95583596e-01, 9.96214511e-01, 9.96214511e-01,
       9.96845426e-01, 9.96845426e-01, 9.97476341e-01, 9.97476341e-01,
       9.98107256e-01, 9.98107256e-01, 9.98738170e-01, 9.98738170e-01,
       9.99369085e-01, 9.99369085e-01, 1.00000000e+00, 1.00000000e+00])}]","[{0: 0.983199550674327, 1: 0.8800597406497965, 2: 0.9342749841907776, 3: 0.9595230124058876, 4: 0.9765910667179208}]"
